CRIM,ZN,INDUS,CHAS,NOX,RM,AGE,DIS,RAD,TAX,PTRATIO,B,LSTAT,MEDV
-0.40881102182193707,-0.4915136794045634,-0.06977179402699193,3.5496478698597693,-0.5755905605905671,-0.33167605446890164,-0.3649532009778979,0.21566038599245888,-0.632043077030669,-0.7660042230896142,0.06632492475221412,0.2521013525688825,0.26141256990672707,24.4
-0.4231900773241994,3.524310564634408,-1.219963934944554,-0.2817180849095055,-1.208959724433472,2.4390187867745827,-1.3418707182658338,0.6330241926131124,-0.632043077030669,-1.0818473189650206,-1.6896853958088487,0.3600767131100257,-1.3386632686971143,50.0
-0.42129240960892417,0.9457286816199105,-0.7241162484048717,-0.2817180849095055,-1.0621292872737316,0.4081135325839267,-1.036583994113354,0.810503544609173,-0.28419203103896984,-0.4561204309099702,-1.0593227166330819,0.42090790214728924,-0.4394695461540388,22.0
0.4389645784024805,-0.4915136794045634,1.0222563953903143,-0.2817180849095055,1.257617856019213,-0.8253379271980704,0.9962664278902185,-0.8826979157503557,1.686963896247325,1.5521649145619538,0.7867394152388026,0.4054661387762916,0.5941957451681371,15.1
0.9198457483587312,-0.4915136794045634,1.0222563953903143,-0.2817180849095055,1.0751658335130272,0.6781507962990279,0.77358669968488,-0.9335148562469533,1.686963896247325,1.5521649145619538,0.7867394152388026,-3.9563640813071954,1.7731989946657045,7.5
-0.40526903993452545,0.43846667184656674,-0.7575605205175189,-0.2817180849095055,-1.079505670369559,0.18730181173355764,-0.7241140529219919,1.919357681725584,-0.28419203103896984,-0.4501611272142078,0.2914544530292733,0.17477555265805292,-0.4367529488049661,24.5
-0.38955739447251814,-0.4915136794045634,1.5733598358552396,-0.2817180849095055,0.597315298377776,-0.17696720546545794,0.8741517382292263,-1.0321092193039032,-0.632043077030669,0.18748436823236747,1.236998471792921,0.33118189831732514,1.5517963107162767,14.0
-0.41944690291723635,0.9880005157676892,-0.7284785447673909,-0.2817180849095055,-1.0195571486889545,-0.8351830357710164,-1.4675770164462667,1.3561919991006737,-0.979894123022368,-0.6051030233040298,-0.6991154713897885,0.4006698334868148,-0.04148803451488303,17.1
-0.4114526050878995,0.3539230035510095,-0.597609653891815,-0.2817180849095055,-0.7927953492884081,0.3349784403277541,-0.3793196350556616,0.06287711722838928,-0.7479934256945686,-1.087806622660783,0.06632492475221412,0.41166624073585856,-0.6798884115469759,24.4
0.7819891307337427,-0.4915136794045634,1.0222563953903143,-0.2817180849095055,1.6051455179357594,0.1493278215236214,1.0034496449291004,-0.816873355443548,1.686963896247325,1.5521649145619538,0.7867394152388026,0.30638149047905605,0.9215457257314018,17.1
-0.4203435757512865,2.890233052417728,-1.3319295415825467,-0.2817180849095055,-1.2358931182320048,-0.8956601312905444,-1.701031570209928,3.2297698519892464,-0.632043077030669,-0.42632391243115825,1.597205717036216,0.26941484483333467,-0.6364228539618121,18.2
-0.4192419846102858,-0.4915136794045634,-0.9567720544058955,-0.2817180849095055,-0.9231182225071131,-0.40059181447952685,-0.8677783936996295,0.30494622536965815,-0.7479934256945686,-0.9447833339624858,0.02129901909680163,0.42371549548747073,0.01691880849018075,22.5
-0.41817516748501,-0.4915136794045634,-1.2519541082696948,-0.2817180849095055,-0.5842787521384808,-0.2065025311842982,-0.016567174592126817,-0.24002984210553513,-0.7479934256945686,-1.2665857335336546,-0.29388232049108093,0.319834541900759,0.05630947005173555,29.6
-0.41387188303904876,-0.4915136794045634,0.2559463343744416,-0.2817180849095055,-1.0273765210820769,-0.01944546829831683,-0.8713700022190706,0.3407555460560457,-0.5160927283667692,-0.04492847590236557,0.11135083040762499,0.2744451162344931,-0.5155342719280754,21.4
0.7329217526167207,-0.4915136794045634,1.0222563953903143,-0.2817180849095055,1.3705643461420907,-0.16149632056511468,1.0573237727207145,-0.7235506563072731,1.686963896247325,1.5521649145619538,0.7867394152388026,0.4343609535689915,0.7327422099708466,14.1
-0.34776772107507264,-0.4915136794045634,-0.4260259969660597,-0.2817180849095055,-0.14986917474279782,-0.6551581932942835,-0.4583350224833624,0.33885584734589225,-0.632043077030669,-0.5872251122167427,1.1469466604820977,0.41938712242135767,-0.5793743096312847,19.9
-0.4124473903234593,2.890233052417728,-1.3319295415825467,-0.2817180849095055,-1.2358931182320048,-0.5117008969456357,-1.7872301746765102,3.2297698519892464,-0.632043077030669,-0.42632391243115825,1.597205717036216,0.190334299084892,-0.9732809252468314,20.6
-0.4158117763448472,2.0447963694621554,-1.3639197149076876,-0.2817180849095055,-1.253269501327832,0.3926426476835822,-1.1982063774881961,3.2889454668105182,-0.632043077030669,0.03254247214254545,-0.06875279221402172,0.1288012117125824,-0.9841473146431223,24.1
1.2335073701976815,-0.4915136794045634,1.0222563953903143,-0.2817180849095055,1.1968005151838175,-0.580616656956261,0.913659431943077,-0.9512770391868856,1.686963896247325,1.5521649145619538,0.7867394152388026,0.4343609535689915,0.4909650459033734,12.7
-0.33554589647688965,-0.4915136794045634,-0.4260259969660597,-0.2817180849095055,-0.14986917474279782,-0.8056477100521774,0.008574085043959867,0.005411231246255606,-0.632043077030669,-0.5872251122167427,1.1469466604820977,0.3647560353436611,-0.1976923820865654,18.2
-0.4173343814619463,-0.4915136794045634,-1.1385344028441955,-0.2817180849095055,-0.8275481154800628,0.046657403548609755,-1.8698371706236518,0.6789019164633114,-0.632043077030669,0.1457692423620308,-0.6991154713897885,0.1806247054500975,-0.7328620598538943,22.6
0.27803788520226075,-0.4915136794045634,1.0222563953903143,-0.2817180849095055,1.6051455179357594,-0.11367722178223125,1.1040146834734468,-0.8455113134991072,1.686963896247325,1.5521649145619538,0.7867394152388026,0.4202060038122439,0.5235642140922461,18.4
-0.42313294858407985,3.1015922231566213,-1.5020590997207954,-0.2817180849095055,-1.2619576928757459,0.1169796076410837,-1.2053895945270778,2.565777660322957,-0.8639437743584684,-0.5514692900421684,-0.5190118487681401,0.4343609535689915,-0.9461149517561042,24.7
-0.4019232828501331,0.43846667184656674,-0.7575605205175189,-0.2817180849095055,-1.079505670369559,-0.9772338880378142,0.033715344680046555,1.980338010321501,-0.28419203103896984,-0.4501611272142078,0.2914544530292733,0.3434651191806189,0.777566066230547,18.5
-0.41790691079227477,-0.4915136794045634,0.12507744349886557,-0.2817180849095055,0.1542175294341793,0.4123328648294753,-0.005792349033804097,-0.6204920012814631,-0.979894123022368,-0.7898414378726638,1.1469466604820977,0.3769222731511141,-0.4163784686869206,22.4
0.8069109226463265,-0.4915136794045634,1.0222563953903143,-0.2817180849095055,1.6051455179357594,-0.06867101116304772,0.9818999938124545,-0.7537558657987087,1.686963896247325,1.5521649145619538,0.7867394152388026,0.33632915277432435,0.5031897339742007,12.6
-0.42157929523865495,-0.4915136794045634,-0.8549851392804476,-0.2817180849095055,-0.349697580344812,-0.33870827487814886,-1.147923858216023,0.4877922262219016,-0.5160927283667692,-1.0818473189650206,0.7867394152388026,0.4254702413250838,-0.5739411149331393,20.6
0.3746202300200129,-0.4915136794045634,1.0222563953903143,-0.2817180849095055,0.24978763646122956,0.17605025907876176,0.1989293365743296,-0.7526160465726167,1.686963896247325,1.5521649145619538,0.7867394152388026,-3.0628475007944647,-0.0958199814963378,16.1
-0.4040184172975607,-0.4915136794045634,-0.06977179402699193,3.5496478698597693,-0.5755905605905671,-0.47794623898124805,0.8202776104376122,0.04369016025584217,-0.632043077030669,-0.7660042230896142,0.06632492475221412,0.3916621381870663,0.6159285239607191,21.7
-0.32129600160446287,-0.4915136794045634,-0.4260259969660597,-0.2817180849095055,-0.14986917474279782,-0.9856725525289115,0.5904146651933924,0.3179591615342075,-0.632043077030669,-0.5872251122167427,1.1469466604820977,-0.6591966524316634,0.5126978246959554,13.9
-0.4069493700515199,-0.4915136794045634,2.424007626546483,-0.2817180849095055,0.4669924251590711,-1.1896069443970874,0.8418272615542581,-0.9328499616983996,-0.632043077030669,1.820333580871261,0.7417135095833917,0.41318702046179007,0.723234119249092,15.2
-0.4081118157200392,-0.4915136794045634,-0.604880147829347,-0.2817180849095055,-0.9318064140550267,-0.18399942587470644,-2.2505476736843915,0.9193562807009503,-0.7479934256945686,-1.0282135857031591,-0.24885641483567006,0.2760828790162654,-0.9406817570579586,25.3
-0.4000914373789086,0.43846667184656674,-0.7575605205175189,-0.2817180849095055,-1.079505670369559,-0.9941112170200087,0.25998668140482567,1.980338010321501,-0.28419203103896984,-0.4501611272142078,0.2914544530292733,0.14880531426137533,-0.03197994379312842,17.6
-0.09837717379974109,-0.4915136794045634,-0.17010461036493343,-0.2817180849095055,-0.09774002545531586,-1.866106547766689,-1.1299658156188184,-0.6011150744379007,-0.632043077030669,-0.6051030233040298,-0.023726886558610848,-0.10902534081195014,-0.012963762349619191,16.1
-0.4214290218135579,-0.4915136794045634,-0.8549851392804476,-0.2817180849095055,-0.349697580344812,-0.6059326504295514,-0.8246790914663384,0.6867381736426932,-0.5160927283667692,-1.0818473189650206,0.7867394152388026,0.4343609535689915,-0.3987205859179477,19.5
-0.3775789879844097,-0.4915136794045634,2.1201009799576456,-0.2817180849095055,0.22372306181748858,-0.9659823353830184,0.9459839086180452,-0.963102663657589,-0.8639437743584684,-1.2963822520124666,0.2914544530292733,-0.005612319448601544,1.972868899822551,15.7
-0.41937238716925435,-0.4915136794045634,-0.8549851392804476,-0.2817180849095055,-0.349697580344812,0.02274785415716804,-1.1191909900604953,1.2696132303854426,-0.5160927283667692,-1.0818473189650206,0.7867394152388026,0.3502501364193904,-0.9583396398269314,22.2
-0.2574384894421444,-0.4915136794045634,-0.4260259969660597,-0.2817180849095055,-0.14986917474279782,-0.32042450181410576,1.1040146834734468,0.18517022169450012,-0.632043077030669,-0.5872251122167427,1.1469466604820977,0.19840612993791348,0.041368184631835336,14.5
-0.39809938304952286,-0.4915136794045634,-0.1541095237023631,-0.2817180849095055,-0.07167545081157488,-0.29229562017711663,0.9388006915791637,-0.5875322286603054,-0.40014237970286953,0.15768784975355554,-0.29388232049108093,0.4343609535689915,0.5914791478190644,18.7
0.5271254017691321,-0.4915136794045634,1.0222563953903143,-0.2817180849095055,1.1968005151838175,-0.7775188284151883,1.0645069897595965,-1.02189833873683,1.686963896247325,1.5521649145619538,0.7867394152388026,0.3899073923494532,0.9758776727128569,8.5
0.28118990134189986,-0.4915136794045634,1.0222563953903143,-0.2817180849095055,0.2410994449133159,-0.26135385037642767,0.37850976254637664,-0.11360489294484105,1.686963896247325,1.5521649145619538,0.7867394152388026,0.3849941040041356,0.3048781274918909,19.1
-0.40826084721600325,0.43846667184656674,-0.7575605205175189,-0.2817180849095055,-1.079505670369559,0.2632497921534302,-2.0206847284401714,1.7152350553196247,-0.28419203103896984,-0.4501611272142078,0.2914544530292733,0.4271080041068562,-0.9284570689871312,24.4
-0.42390667043395974,3.735669735373301,-1.417721370045424,-0.2817180849095055,-1.253269501327832,0.72596989508191,-1.032992385593913,2.156012648542916,-0.5160927283667692,-0.8911496007006243,-1.509581773187201,0.3875677312326348,-1.193325310521723,31.6
-0.42132594169551607,3.524310564634408,-1.219963934944554,-0.2817180849095055,-1.208959724433472,2.184452407959825,-1.2951798075131014,0.6330241926131124,-0.632043077030669,-1.0818473189650206,-1.6896853958088487,0.3861639345625441,-1.2123414919652322,48.5
-0.3325081378174896,-0.4915136794045634,-0.4260259969660597,-0.2817180849095055,-0.14986917474279782,-0.5285782259278289,0.892109780826431,0.2918383042696014,-0.632043077030669,-0.5872251122167427,1.1469466604820977,0.4042963082178824,0.4841735525306915,15.6
-0.32829303033997376,-0.4915136794045634,-0.4260259969660597,-0.2817180849095055,-0.14986917474279782,-0.4357529165257632,0.4467503244157547,0.22454147746242495,-0.632043077030669,-0.5872251122167427,1.1469466604820977,0.31562315189048673,0.2627708685812634,17.5
8.70672899318768,-0.4915136794045634,1.0222563953903143,-0.2817180849095055,1.0751658335130272,-0.4821655712267967,1.1040146834734468,-0.9415410832973504,1.686963896247325,1.5521649145619538,0.7867394152388026,-4.016259405897732,1.0709585799304024,8.8
-0.42024670527890995,2.890233052417728,-1.1196311186066124,-0.2817180849095055,-1.3662159914507093,-0.7212610651412089,-1.3706035864213613,1.3423241985165557,-0.632043077030669,-0.4084460013438711,-1.0593227166330819,0.4343609535689915,-0.33895544423834756,19.4
-0.38121287262766584,-0.4915136794045634,-0.7081211617423012,3.5496478698597693,-0.4192031127281213,0.9158398461315901,0.6909797037377385,-0.43854835731654246,-0.16824168237507017,-0.5872251122167427,-0.47398594311272924,0.373529764531728,-0.41094527398877495,26.7
-0.4195599184683424,0.903456847472132,-1.292668874319874,-0.2817180849095055,-0.7232898169050994,0.7723825497829435,0.03730695319948729,-0.28609753582674974,-0.28419203103896984,-1.0937659263565453,-0.023726886558610848,0.4343609535689915,-0.7070543850377032,28.2
-0.42035226925521774,0.6920976767332387,0.5773021664133557,-0.2817180849095055,-0.7927953492884081,-0.07148389932674763,0.2887195495603531,-0.0807875977269448,-0.632043077030669,-0.8077193489599509,-0.1137786978694342,0.4343609535689915,-0.2914149906295747,20.6
0.28323039090747393,-0.4915136794045634,1.0222563953903143,-0.2817180849095055,-0.20199832403027979,0.6331445856798443,0.20252094509377086,-0.21533375887354378,1.686963896247325,1.5521649145619538,0.7867394152388026,0.38955644318193017,-0.6785301128724396,23.7
-0.37157301869705955,-0.4915136794045634,-0.06977179402699193,3.5496478698597693,-0.5755905605905671,-1.3443157934005296,1.1040146834734468,0.04269281843301176,-0.632043077030669,-0.7660042230896142,0.06632492475221412,0.4343609535689915,1.4064583525408851,20.0
-0.3029291116560298,-0.4915136794045634,-0.4260259969660597,-0.2817180849095055,-0.14986917474279782,-0.6846935190131226,1.1040146834734468,0.14727123242694437,-0.632043077030669,-0.5872251122167427,1.1469466604820977,0.4067529523905416,0.970444478014711,14.5
-0.37005786515475864,-0.4915136794045634,-0.7081211617423012,3.5496478698597693,-0.4192031127281213,0.5993899277154566,-0.09917417053926834,-0.06326287712578185,-0.16824168237507017,-0.5872251122167427,-0.47398594311272924,0.005033138632919225,-0.6364228539618121,29.0
-0.3281067409700188,0.3539230035510095,-1.0323851913562283,-0.2817180849095055,0.7971437039797902,1.0044458232881084,0.5509069714795417,-0.7846734623064517,-0.5160927283667692,-0.8434751711345252,-2.4551257919508496,0.28427169292512766,0.27907045267569974,30.7
-0.37901589999132956,-0.4915136794045634,-0.06977179402699193,3.5496478698597693,-0.5755905605905671,-1.2599291484895612,0.6945713122571793,-0.05704136385003014,-0.632043077030669,-0.7660042230896142,0.06632492475221412,0.4149417662994039,1.527346934574622,19.3
-0.42197795449035863,-0.4915136794045634,-1.292668874319874,-0.2817180849095055,-0.8449244985758901,0.18308247948800904,-0.3793196350556616,1.0814480731447702,-0.7479934256945686,-1.0937659263565453,0.11135083040762499,0.4018396640452239,-1.0221796775301406,28.7
-0.4093438094200085,-0.4915136794045634,-0.1541095237023631,-0.2817180849095055,-0.07167545081157488,-0.17415431730175926,0.11632234062718808,-0.5010484448805819,-0.40014237970286953,0.15768784975355554,-0.29388232049108093,0.3922470534662709,-0.09446168282180147,21.2
-0.4043959637540029,-0.4915136794045634,-0.604880147829347,-0.2817180849095055,-0.9318064140550267,-0.8689376937354041,-1.273630156396456,0.6246655182884381,-0.7479934256945686,-1.0282135857031591,-0.24885641483567006,0.4343609535689915,-0.34303034026195656,19.3
-0.4143798320544595,-0.4915136794045634,-1.2519541082696948,-0.2817180849095055,-0.5842787521384808,1.2027544388288858,0.8238692189570535,-0.5150587228679616,-0.7479934256945686,-1.2665857335336546,-0.29388232049108093,0.4018396640452239,-1.075153325837059,37.9
-0.2947944758346601,-0.4915136794045634,-0.4260259969660597,-0.2817180849095055,-0.14986917474279782,-0.5131073410274857,-1.4352525397712983,0.33885584734589225,-0.632043077030669,-0.5872251122167427,1.1469466604820977,0.3167929824488959,-0.8360927591186582,23.1
0.15142569394775768,-0.4915136794045634,1.0222563953903143,-0.2817180849095055,0.5104333828986394,0.9566267245052262,-0.0596664768254182,-0.5947035912911337,1.686963896247325,1.5521649145619538,0.7867394152388026,0.17442460349053057,-0.1460770324541833,29.8
0.005795841879112031,-0.4915136794045634,1.0222563953903143,3.5496478698597693,1.414005303881659,3.488226071834296,0.4898496266490461,-0.8930512737206905,1.686963896247325,1.5521649145619538,0.7867394152388026,-0.0610622879171843,-1.0113132881338498,21.9
-0.42166498834883426,-0.4915136794045634,-1.292668874319874,-0.2817180849095055,-0.8449244985758901,0.9819427179785166,-0.8426371340635431,1.0814480731447702,-0.7479934256945686,-1.0937659263565453,0.11135083040762499,0.40780579989310933,-1.3305134766498963,33.4
-0.40487038068282166,-0.4915136794045634,-0.5365375048165462,-0.2817180849095055,-0.5408377943989126,0.17745670316061174,-0.6091825802998819,0.3587076988669931,-0.5160927283667692,-0.7064111861319904,0.5165839813063325,0.4343609535689915,-0.7518782412974034,23.8
-0.4238979769300285,2.0447963694621554,-1.1836114652568939,-0.2817180849095055,-1.3401514168069681,0.42780374972981977,-1.812371434312597,1.1562012173892977,-0.979894123022368,-0.8375158674387628,-1.2844522449101419,0.19805518077039047,-1.134918467516659,29.1
-0.407140627138007,0.5652821742899027,-0.8637097320054861,-0.2817180849095055,-0.8883654563154584,-0.7859574929062855,-0.10994899609759107,1.6338804580573145,-0.16824168237507017,-0.7242890972192775,0.5616098869617434,0.4134209865734723,0.05630947005173555,18.7
-0.4122809718196328,-0.4915136794045634,-0.36495384789079094,-0.2817180849095055,-0.3062566226052437,-0.1474318797466189,-0.5337588013916221,-0.4783945377620053,-0.5160927283667692,-0.12835872764303896,1.1019207548266852,0.39446973152724785,0.03593498993368998,21.7
-0.4018574606060823,-0.4915136794045634,-0.5365375048165462,-0.2817180849095055,-0.5408377943989126,0.184488923569859,-1.9596273836096754,0.7745042540517701,-0.5160927283667692,-0.7064111861319904,0.5165839813063325,0.3966924095882247,-1.0398375602991135,24.6
-0.3585588433120011,0.3539230035510095,-1.0323851913562283,-0.2817180849095055,0.17159391253000664,1.6457843246114725,-0.598407754741559,-0.433656633137898,-0.5160927283667692,-0.8434751711345252,-2.4551257919508496,0.3571521367140034,-1.300630905810096,43.5
-0.3011879270115168,-0.4915136794045634,-0.4260259969660597,-0.2817180849095055,-0.14986917474279782,0.5262548354592841,0.6478804015044471,0.21556540105695102,-0.632043077030669,-0.5872251122167427,1.1469466604820977,0.23935019948222558,-0.1026114748690195,21.0
-0.4239700088197445,2.890233052417728,-1.5427738657709744,-0.2817180849095055,-1.1576993943007818,2.2153941777605137,-1.3382791097463929,0.8849242415794236,-0.632043077030669,-0.8971089043963867,-1.8247631127750836,0.4031264776594739,-1.326438580626287,50.0
-0.3610874110268574,0.3539230035510095,-1.0323851913562283,-0.2817180849095055,0.7971437039797902,2.9509644325677935,0.7987279593209667,-0.710775182481493,-0.5160927283667692,-0.8434751711345252,-2.4551257919508496,0.3169099655047367,-0.9270987703125949,48.8
-0.34223865257480734,-0.4915136794045634,-0.4260259969660597,-0.2817180849095055,-0.14986917474279782,-0.6846935190131226,0.7556286570876753,0.42595703320641587,-0.632043077030669,-0.5872251122167427,1.1469466604820977,0.2001608757755266,0.28178705002477267,16.6
-0.407733027334464,0.03688424744266962,-0.46528666422873255,-0.2817180849095055,-0.27150385641358904,-0.17978009362915784,0.9639419512152498,1.0283989866637426,-0.5160927283667692,-0.5633878974336931,-1.4645558675317893,0.4343609535689915,0.8712886747735561,27.1
1.198149647780217,-0.4915136794045634,1.0222563953903143,-0.2817180849095055,0.21503487026957493,-0.8253379271980704,-0.4511518054444804,-0.45659549506299757,1.686963896247325,1.5521649145619538,0.7867394152388026,0.4343609535689915,0.2749955566520907,20.1
-0.40978593619136844,-0.4915136794045634,-0.36495384789079094,-0.2817180849095055,-0.3062566226052437,0.244966019089387,0.9998580364096592,-0.6421960590449631,-0.5160927283667692,-0.12835872764303896,1.1019207548266852,0.4149417662994039,-0.06322081330746494,19.8
-0.41573229288033303,-0.4915136794045634,-0.7430195326424549,-0.2817180849095055,-0.48870864511143053,-0.6326550879846917,-0.9970763003995035,0.07080835934327888,-0.5160927283667692,-0.7540856156980894,0.3364803586846842,0.4343609535689915,-0.5386253493951937,21.0
-0.2737251480927462,-0.4915136794045634,1.237463015941261,-0.2817180849095055,0.4322396589674164,0.9045882934767941,1.0106328619679825,-0.9060642098852398,-0.5160927283667692,-0.015131957423553635,-1.6896853958088487,0.042818665669527446,-1.1063941953513956,41.3
1.4401147007691408,-0.4915136794045634,1.0222563953903143,-0.2817180849095055,0.5104333828986394,-1.4005735566745092,1.0070412534485411,-0.7999660369231849,1.686963896247325,1.5521649145619538,0.7867394152388026,-0.12037269722851629,1.6536687113065043,12.0
-0.4094680023333118,-0.4915136794045634,-0.1541095237023631,-0.2817180849095055,-0.07167545081157488,-0.6017133181840028,0.13787199174383352,-0.6210144184267552,-0.40014237970286953,0.15768784975355554,-0.29388232049108093,-0.24729931281588402,0.35785177579880906,20.4
-0.4080112194602635,-0.4915136794045634,-0.1541095237023631,-0.2817180849095055,-0.07167545081157488,-0.06445167891750035,0.5365405374017782,-0.7259727721627185,-0.40014237970286953,0.15768784975355554,-0.29388232049108093,0.33890278000282426,-0.31043117207308396,18.5
-0.4174088972099283,-0.4915136794045634,-1.0207524010561773,-0.2817180849095055,-0.3931385380843803,0.34622999298255,-1.2987714160325423,-0.3100337395746799,-0.5160927283667692,-0.6527774528701289,-0.8341931883560227,0.36487301839950187,-1.0058800934357042,29.4
-0.4055521997768571,0.3539230035510095,-0.597609653891815,-0.2817180849095055,-0.7927953492884081,-0.08414189606339222,-1.9021616472986205,0.3058010897892272,-0.7479934256945686,-1.087806622660783,0.06632492475221412,0.4343609535689915,-0.8347344604441219,25.2
-0.41492503894386124,1.4107188572454756,-1.1094524270940676,-0.2817180849095055,-1.0273765210820769,1.2351026527114233,-1.5430007953545264,1.279776618484762,-0.5160927283667692,-0.04492847590236557,-1.4645558675317893,0.35937481477498034,-1.340021567371651,36.4
-0.08046110412659926,-0.4915136794045634,1.237463015941261,-0.2817180849095055,2.743298610712448,-1.9645576334961532,1.024999296045746,-1.1584391835290895,-0.5160927283667692,-0.015131957423553635,-1.6896853958088487,0.4343609535689915,2.2486035307534333,11.8
0.7943227289538987,-0.4915136794045634,1.0222563953903143,-0.2817180849095055,1.005660301129718,0.695028125281221,1.0609153812401553,-1.1526925949308762,1.686963896247325,1.5521649145619538,0.7867394152388026,0.4343609535689915,1.155173097751657,13.3
1.3544588484638178,-0.4915136794045634,1.0222563953903143,-0.2817180849095055,1.257617856019213,-1.996905847378691,1.1040146834734468,-1.042747532080761,1.686963896247325,1.5521649145619538,0.7867394152388026,0.15383558566253375,2.42925725446677,10.2
-0.38865202813453675,-0.4915136794045634,-0.7081211617423012,-0.2817180849095055,-0.44526768737186223,1.9495762462909612,-1.8770203876625338,-0.19472202786838172,-0.16824168237507017,-0.5872251122167427,-0.47398594311272924,0.20753080829350273,-1.1974002065453322,46.7
0.4008087896482911,-0.4915136794045634,1.0222563953903143,-0.2817180849095055,1.3705643461420907,0.024154298239017994,0.4934412351684868,-0.49900626876716736,1.686963896247325,1.5521649145619538,0.7867394152388026,0.4343609535689915,0.17040655871279042,19.5
-0.37081916771330814,-0.4915136794045634,-0.7081211617423012,-0.2817180849095055,-0.44526768737186223,0.35466865747364595,-1.7189896128071325,-0.19472202786838172,-0.16824168237507017,-0.5872251122167427,-0.47398594311272924,0.2406370130964749,-1.219132985337914,31.5
0.16452556244299543,-0.4915136794045634,1.0222563953903143,-0.2817180849095055,1.3705643461420907,0.3166946672637109,0.6191475333489197,-0.6408187774801022,1.686963896247325,1.5521649145619538,0.7867394152388026,-3.613018812414178,0.7327422099708466,14.1
-0.22341956663008974,-0.4915136794045634,1.5733598358552396,-0.2817180849095055,0.597315298377776,-1.8014101200016122,1.1040146834734468,-1.1140337261792592,-0.632043077030669,0.18748436823236747,1.236998471792921,0.4343609535689915,2.9440524521160536,14.4
0.9538621873125199,-0.4915136794045634,1.0222563953903143,-0.2817180849095055,0.9795957264859769,-1.9603383012506046,1.1040146834734468,-1.239983750662415,1.686963896247325,1.5521649145619538,0.7867394152388026,0.4343609535689915,2.992951204399364,13.8
-0.4184955852013326,0.03688424744266962,-0.7270244459798845,-0.2817180849095055,-1.2706458844236594,-0.5932746536929056,-1.7189896128071325,1.2884202476159592,-0.632043077030669,-0.360771571777772,0.20140264171844835,0.42628912271597,-0.6296313605891304,22.0
-0.34824337993302457,-0.4915136794045634,-0.7081211617423012,3.5496478698597693,-0.4192031127281213,0.8145758722384271,0.30308598363811706,-0.24363926965482618,-0.16824168237507017,-0.5872251122167427,-0.47398594311272924,0.35820498421657115,-0.381062703148975,27.5
-0.13999173518942887,-0.4915136794045634,1.237463015941261,-0.2817180849095055,0.4322396589674164,0.026967186402716652,0.9639419512152498,-0.8002984841974615,-0.5160927283667692,-0.015131957423553635,-1.6896853958088487,-0.7332469267789482,-0.22214175822822,23.8
-0.41207481158354925,-0.4915136794045634,0.12507744349886557,-0.2817180849095055,0.1542175294341793,0.695028125281221,0.719712571893266,-0.6630927448566482,-0.979894123022368,-0.7898414378726638,1.1469466604820977,0.394001799303884,-0.8496757458640218,22.0
2.0687171314540658,-0.4915136794045634,1.0222563953903143,-0.2817180849095055,1.257617856019213,-2.7170052172856263,0.7879531337626441,-1.1139862337115054,1.686963896247325,1.5521649145619538,0.7867394152388026,-0.8649698476557921,2.4306155531413065,8.8
-0.38207601337512415,-0.4915136794045634,-0.5365375048165462,-0.2817180849095055,-0.5408377943989126,-0.3640242683514393,-0.6953811847664645,0.4445265880981629,-0.5160927283667692,-0.7064111861319904,0.5165839813063325,0.4343609535689915,-0.683963307570585,20.4
-0.42296901393851943,2.0447963694621554,-1.1836114652568939,-0.2817180849095055,-1.3401514168069681,0.7034667897723182,-2.1320245925428405,1.1562012173892977,-0.979894123022368,-0.8375158674387628,-1.2844522449101419,0.3930659348571571,-1.0466290536717953,31.1
-0.4201436251608681,0.5652821742899027,-0.9029703992681588,-0.2817180849095055,-1.1229466281091272,0.4489004109575616,0.040898561718928535,0.767285398953188,-0.632043077030669,-0.7421670083065647,0.24642854737386083,0.41950410547719846,-0.7491616439483307,23.9
-0.3929441352183006,-0.4915136794045634,-0.36495384789079094,-0.2817180849095055,-0.3062566226052437,-0.0996127809637367,0.7879531337626441,-0.5889095102251665,-0.5160927283667692,-0.12835872764303896,1.1019207548266852,0.3680315609072064,0.3823011519404639,19.4
0.3552486194029558,-0.4915136794045634,1.0222563953903143,-0.2817180849095055,1.6051455179357594,0.05790895620340564,0.974716776773573,-0.8135963751685338,1.686963896247325,1.5521649145619538,0.7867394152388026,-0.4885183739598027,0.6865600550366101,14.9
-0.13018794661326208,-0.4915136794045634,1.237463015941261,-0.2817180849095055,2.743298610712448,-0.2388507450668359,1.1040146834734468,-1.1236746971332865,-0.5160927283667692,-0.015131957423553635,-1.6896853958088487,-2.1859425142111406,2.0462170282475145,13.8
-0.42046528480632384,0.6920976767332387,0.5773021664133557,-0.2817180849095055,-0.7927953492884081,0.19995980847020348,-0.5624916695471496,-0.05661393164024562,-0.632043077030669,-0.8077193489599509,-0.1137786978694342,0.4122511560150631,-0.621481568541912,22.9
-0.28577186068317156,-0.4915136794045634,1.237463015941261,3.5496478698597693,2.743298610712448,-1.8112552285745593,0.6730216611405339,-1.0329165912557183,-0.5160927283667692,-0.015131957423553635,-1.6896853958088487,-0.19290219184986965,-0.0835952934255105,15.3
-0.3681887618095432,-0.4915136794045634,-0.7081211617423012,-0.2817180849095055,-0.44526768737186223,1.5642105678642027,0.27435311548258967,-0.05395435344603125,-0.16824168237507017,-0.5872251122167427,-0.47398594311272924,0.19150412964330052,-1.0167464828319952,31.7
-0.4210427818531844,-0.4915136794045634,-0.8549851392804476,-0.2817180849095055,-0.349697580344812,0.014309189666070816,-1.1048245559827317,1.2696132303854426,-0.5160927283667692,-1.0818473189650206,0.7867394152388026,0.34662366168832276,-0.81300168165154,20.7
-0.4212750226010617,0.5652821742899027,-0.9029703992681588,-0.2817180849095055,-1.1229466281091272,-0.1868123140384051,-0.8103126573885744,0.767285398953188,-0.632043077030669,-0.7421670083065647,0.24642854737386083,0.36112956061259344,-0.709770982386776,22.9
-0.3994046505683411,-0.4915136794045634,-0.36495384789079094,-0.2817180849095055,-0.3062566226052437,-0.22900563649388997,0.6514720100238884,-0.5083622849146717,-0.5160927283667692,-0.12835872764303896,1.1019207548266852,0.4059340709996554,0.09570013161329011,19.3
-0.06254503445345745,-0.4915136794045634,1.237463015941261,-0.2817180849095055,0.4322396589674164,-0.27963762344047083,0.8526020871125809,-0.7131972983369383,-0.5160927283667692,-0.015131957423553635,-1.6896853958088487,-1.3992314636811443,-0.3973622872434113,25.0
-0.23703359378640337,-0.4915136794045634,1.237463015941261,3.5496478698597693,0.4322396589674164,2.918616218685256,0.8849265637875495,-0.7708531541900874,-0.5160927283667692,-0.015131957423553635,-1.6896853958088487,0.3355102713834382,-1.2788981270175142,50.0
-0.42177303618340817,3.524310564634408,-1.3959098882328282,-0.2817180849095055,-1.322775033711141,0.9495945040959777,-1.9380777324930298,1.837148220043705,-0.7479934256945686,-0.02109126111931602,-0.6540895657343759,0.4343609535689915,-1.1104690913750046,34.9
-0.3705024757843846,-0.4915136794045634,0.20796107438673037,-0.2817180849095055,0.04995923085921635,-0.24869585363978183,1.0321825130846278,-0.37904029522099403,-0.7479934256945686,-0.5097541641718316,2.0474647735903346,-0.1961777174134143,1.1225739295627843,54.0
-0.415878840518031,-0.4915136794045634,0.2559463343744416,-0.2817180849095055,-1.0273765210820769,-0.03772924136235998,-2.272097324801037,0.2215019595261798,-0.5160927283667692,-0.04492847590236557,0.11135083040762499,0.4111983085124954,-0.8089267856279309,24.1
0.5089919944977096,-0.4915136794045634,1.0222563953903143,-0.2817180849095055,1.3705643461420907,0.16479870642396588,1.0429573386429507,-0.7599298866067065,1.686963896247325,1.5521649145619538,0.7867394152388026,-0.6499549910202334,0.893021453566138,13.0
-0.3602441411455276,-0.4915136794045634,-0.7081211617423012,-0.2817180849095055,-0.44526768737186223,3.410871647332575,0.4934412351684868,-0.4230183203610401,-0.16824168237507017,-0.5872251122167427,-0.47398594311272924,0.2600562003660632,-1.10096100065325,50.0
0.29761565605540147,-0.4915136794045634,1.0222563953903143,-0.2817180849095055,-0.20199832403027979,-0.08132900789969355,-0.16382312388920517,-0.1714032262012516,1.686963896247325,1.5521649145619538,0.7867394152388026,0.4343609535689915,-0.27104051051152916,23.0
-0.40770694682267034,-0.4915136794045634,-0.1541095237023631,-0.2817180849095055,-0.07167545081157488,-0.80002193372478,-0.14586508129200046,-0.48722813676421767,-0.40014237970286953,0.15768784975355554,-0.29388232049108093,0.37119010341491027,0.11879120908040834,19.3
-0.42087760527849094,1.7277576133538155,-0.8360818550428644,-0.2817180849095055,-1.3053986506153137,-0.12774166260072703,-1.3634203693824793,1.67747854345533,-0.40014237970286953,-0.6706553639574161,-0.8341931883560227,0.4343609535689915,-0.7600280333446217,23.2
-0.41888058323257304,0.903456847472132,-1.292668874319874,-0.2817180849095055,-0.7232898169050994,0.44468107871201296,-0.40086928617230727,-0.19714414372382708,-0.28419203103896984,-1.0937659263565453,-0.023726886558610848,0.3929489518013163,-0.5168925706026118,28.4
1.5458028699902948,-0.4915136794045634,1.0222563953903143,-0.2817180849095055,1.005660301129718,0.3448235489007,1.071690206798478,-1.0761347369117031,1.686963896247325,1.5521649145619538,0.7867394152388026,0.4343609535689915,1.1334403189590752,10.9
0.05082322452637599,-0.4915136794045634,1.0222563953903143,-0.2817180849095055,1.8657912643731693,-0.06867101116304772,0.7843615252432028,-0.7074507097387249,1.686963896247325,1.5521649145619538,0.7867394152388026,-0.10668567969513244,0.1975725322035177,19.9
0.4938255559251039,-0.4915136794045634,1.0222563953903143,-0.2817180849095055,0.36273412658410714,-0.960356559055621,1.028590904565187,-1.1067673786129233,1.686963896247325,1.5521649145619538,0.7867394152388026,-0.5279416637781832,1.8560552138124229,17.2
-0.3621194541364083,-0.4915136794045634,-0.7081211617423012,-0.2817180849095055,-0.4192031127281213,1.48826258744433,0.0839978639522194,0.1723472554009661,-0.16824168237507017,-0.5872251122167427,-0.47398594311272924,0.35446152642966267,-1.0873780139078864,31.5
-0.35935119409887645,0.3539230035510095,-1.0323851913562283,-0.2817180849095055,0.7971437039797902,1.7161065287039463,0.7233041804127072,-0.7813964820314374,-0.5160927283667692,-0.8434751711345252,-2.4551257919508496,0.33457440693671125,-0.7437284492501852,43.1
-0.4180758131543673,1.1993596865065825,-0.6775850872046669,3.5496478698597693,-0.9404946056029404,0.7400343359004046,-1.4963098846017941,0.5118234149053394,-0.632043077030669,-0.903068208092149,-0.3839341318019043,0.394001799303884,-1.1648010383564593,33.1
0.23167418680785273,-0.4915136794045634,1.0222563953903143,-0.2817180849095055,1.257617856019213,-0.34995982753294474,0.47548319257128213,-0.768098591060365,1.686963896247325,1.5521649145619538,0.7867394152388026,0.21770833415166035,0.8183150264666381,23.2
2.6545102649233248,-0.4915136794045634,1.0222563953903143,-0.2817180849095055,1.1968005151838175,-1.3372835729912824,0.9603503426958091,-0.9889385661156723,1.686963896247325,1.5521649145619538,0.7867394152388026,0.4343609535689915,0.955503192594811,8.3
-0.413583755480185,-0.4915136794045634,-0.7430195326424549,-0.2817180849095055,-0.48870864511143053,-0.6453130847213363,-0.28234620503075636,-0.19339223877127465,-0.5160927283667692,-0.7540856156980894,0.3364803586846842,0.20811572357270733,-0.18003449931759252,20.0
-0.42070373519986626,2.890233052417728,-1.3886393942952964,-0.2817180849095055,-1.3140868421632272,1.3884050576330171,-1.262855330838133,1.6735841610995164,-0.8639437743584684,-0.4561204309099702,-2.635229414572497,0.4343609535689915,-1.1756674277527503,33.3
-0.3580595878005216,-0.4915136794045634,1.5733598358552396,-0.2817180849095055,0.597315298377776,-0.20931541934799686,1.028590904565187,-1.005133497619728,-0.632043077030669,0.18748436823236747,1.236998471792921,0.4343609535689915,0.777566066230547,17.8
-0.40345582340029645,-0.4915136794045634,-0.20064068490256795,-0.2817180849095055,0.2584758280091432,-0.8858150227175985,-1.4532105823685029,-0.4685161044692088,-0.40014237970286953,-0.08664360177270226,0.3364803586846842,0.39213007041043013,0.6607523802204195,23.1
0.13838916383830466,-0.4915136794045634,1.0222563953903143,-0.2817180849095055,1.8657912643731693,0.1380762688688255,0.6730216611405339,-0.6016849840509466,1.686963896247325,1.5521649145619538,0.7867394152388026,0.17302080682043983,-0.6717386194997578,25.0
-0.42133587712858034,2.890233052417728,-0.8898835101806012,-0.2817180849095055,-1.253269501327832,0.7892598787651367,-1.4855350590434713,0.6324067905323123,-0.632043077030669,-0.9567019413540105,0.3364803586846842,0.4343609535689915,-1.2775398283429777,28.5
-0.4158912598093613,2.890233052417728,-0.8898835101806012,-0.2817180849095055,-1.253269501327832,1.1929093302559386,-1.4927182760823532,0.6324067905323123,-0.632043077030669,-0.9567019413540105,0.3364803586846842,0.4343609535689915,-1.2462989588286413,37.3
-0.4128584688664934,0.5652821742899027,-0.8637097320054861,-0.2817180849095055,-0.8883654563154584,-0.5243588936822815,-0.7923546147913697,1.4945375576675792,-0.16824168237507017,-0.7242890972192775,0.5616098869617434,0.4343609535689915,-0.47750190904105705,19.6
-0.41316149957495363,-0.4915136794045634,-0.1541095237023631,-0.2817180849095055,-0.07167545081157488,0.5839190428151122,0.44315871589631345,-0.5260294829190962,-0.40014237970286953,0.15768784975355554,-0.29388232049108093,0.4190361732538347,-0.3498218336346385,22.8
-0.41910040468911997,-0.4915136794045634,-1.1138147234565867,-0.2817180849095055,-0.5755905605905671,1.095864688608324,-0.22128886020026026,-0.17600999557337307,-0.8639437743584684,-0.8077193489599509,-0.29388232049108093,0.4245343768783569,-0.9556230424778586,28.7
2.7959535738845145,-0.4915136794045634,1.0222563953903143,-0.2817180849095055,1.0751658335130272,-1.4005735566745092,0.712529354854384,-1.01520190078354,1.686963896247325,1.5521649145619538,0.7867394152388026,-2.718800333566402,1.888654382001296,10.4
-0.41472012063691066,0.03688424744266962,-0.46528666422873255,-0.2817180849095055,-0.27150385641358904,-0.40481114672507545,-0.09558256201982761,0.8431783624238078,-0.5160927283667692,-0.5633878974336931,-1.4645558675317893,0.41915315630967614,-0.04148803451488303,22.9
0.1826390988482896,-0.4915136794045634,1.0222563953903143,-0.2817180849095055,0.6581326392131716,-1.8703258800122375,1.1040146834734468,-1.1648031742081029,1.686963896247325,1.5521649145619538,0.7867394152388026,0.18425118018116518,-1.2870479190647324,50.0
-0.41668857831276884,2.0447963694621554,-1.3639197149076876,-0.2817180849095055,-1.253269501327832,-0.5848359892018083,-1.8231462598709198,3.2889454668105182,-0.632043077030669,0.03254247214254545,-0.06875279221402172,0.3808996970497041,-0.6717386194997578,18.6
-0.4235626560641095,3.312951393895515,-1.3159344549199763,-0.2817180849095055,-1.2619576928757459,0.6022028158791554,-1.1910231604493142,3.9615337951402516,-0.5160927283667692,-1.302341555708229,-0.6540895657343759,0.2888340321029223,-1.1186188834222228,30.1
-0.25891390125218827,-0.4915136794045634,1.237463015941261,-0.2817180849095055,0.4322396589674164,-0.32886316630520296,1.1040146834734468,-0.9630551711898353,-0.5160927283667692,-0.015131957423553635,-1.6896853958088487,-0.06878316960268345,-0.8564672392367039,24.3
-0.21994713277412797,-0.4915136794045634,1.237463015941261,-0.2817180849095055,2.743298610712448,-0.2501022977216318,1.0070412534485411,-1.0292121787709194,-0.5160927283667692,-0.015131957423553635,-1.6896853958088487,0.152431788992443,0.1853478441326904,21.5
-0.41894764740575685,-0.4915136794045634,-1.0207524010561773,-0.2817180849095055,-0.3931385380843803,0.021341410075319336,0.14864681730215676,-0.22207768929458765,-0.5160927283667692,-0.6527774528701289,-0.8341931883560227,0.41915315630967614,-0.8754834206802129,24.6
0.7660340671616608,-0.4915136794045634,1.0222563953903143,-0.2817180849095055,1.1968005151838175,0.14651493335992274,1.1040146834734468,-1.0192387605426154,1.686963896247325,1.5521649145619538,0.7867394152388026,0.19115318047577814,1.0288513210197747,12.1
-0.4153671657152212,-0.4915136794045634,-1.2519541082696948,-0.2817180849095055,-0.5842787521384808,-0.9786403321196642,0.7376706144904707,-0.37861286301120967,-0.7479934256945686,-1.2665857335336546,-0.29388232049108093,0.3653409506228657,0.1690482600382541,26.4
0.5669242627663249,-0.4915136794045634,1.0222563953903143,-0.2817180849095055,1.257617856019213,-1.0967816349950217,1.1040146834734468,-1.0695332838939209,1.686963896247325,1.5521649145619538,0.7867394152388026,0.4343609535689915,1.6061282576977312,12.3
-0.3977553686796726,0.03688424744266962,-0.46528666422873255,-0.2817180849095055,-0.27150385641358904,-0.12844488464165138,0.899292997865313,1.2165641439044153,-0.5160927283667692,-0.5633878974336931,-1.4645558675317893,0.38312237511068103,1.047867502463284,15.0
0.48925774057380667,-0.4915136794045634,1.0222563953903143,-0.2817180849095055,1.0751658335130272,-0.1502447679103188,0.31745241771588056,-0.8783761011847573,1.686963896247325,1.5521649145619538,0.7867394152388026,-3.077119433607053,1.1932054606386755,11.0
-0.4039451434787117,-0.4915136794045634,-0.7430195326424549,-0.2817180849095055,-0.48870864511143053,-0.46950757449015085,-1.4029280630963297,0.029537404865201067,-0.5160927283667692,-0.7540856156980894,0.3364803586846842,0.39376783319220243,-0.35389672965824753,24.7
-0.4031329218257078,-0.4915136794045634,-0.5365375048165462,-0.2817180849095055,-0.5408377943989126,0.10713449906813778,-0.5373504099110632,0.3587076988669931,-0.5160927283667692,-0.7064111861319904,0.5165839813063325,0.4343609535689915,-0.7967020975571035,23.1
-0.42100552397919344,2.890233052417728,-1.3886393942952964,-0.2817180849095055,-1.3140868421632272,1.3701212845689739,-1.1120077730216136,1.6735841610995164,-0.8639437743584684,-0.4561204309099702,-2.635229414572497,0.37937891732377255,-0.8306595644205128,34.6
1.2730379745021392,-0.4915136794045634,1.0222563953903143,-0.2817180849095055,1.6051455179357594,-0.5131073410274857,0.6694300526210931,-0.9329924391016612,1.686963896247325,1.5521649145619538,0.7867394152388026,-3.4020983627330508,2.891078803809136,8.4
-0.15804317513807128,-0.4915136794045634,1.237463015941261,-0.2817180849095055,2.743298610712448,-0.9448856741552766,1.1040146834734468,-1.0773695410733028,-0.5160927283667692,-0.015131957423553635,-1.6896853958088487,-2.2285243465372253,0.5317140061394641,15.6
1.0706159451090027,-0.4915136794045634,1.0222563953903143,-0.2817180849095055,0.5104333828986394,-0.9167567925182875,0.6586552270627699,-0.8709672762151598,1.686963896247325,1.5521649145619538,0.7867394152388026,-0.7980555397148018,0.1853478441326904,20.8
-0.13151929464387405,-0.4915136794045634,1.237463015941261,-0.2817180849095055,2.743298610712448,-1.9322094196136141,0.9495755171374863,-1.1038703380799397,-0.5160927283667692,-0.015131957423553635,-1.6896853958088487,0.3736467475875688,2.2812026989423067,14.6
0.8451809688807551,-0.4915136794045634,1.0222563953903143,-0.2817180849095055,0.5104333828986394,-0.16149632056511468,0.9854916023318957,-0.7668162944310117,1.686963896247325,1.5521649145619538,0.7867394152388026,0.23315009752265797,0.7191592232254832,14.6
0.2784862216192858,-0.4915136794045634,1.0222563953903143,3.5496478698597693,0.6581326392131716,0.5389128321959287,0.9890832108513364,-1.153309997011676,1.686963896247325,1.5521649145619538,0.7867394152388026,0.18202850212018826,-1.223207881361523,50.0
-0.4070089826499054,-0.4915136794045634,2.1201009799576456,-0.2817180849095055,0.22372306181748858,-0.6242164234935945,0.9962664278902185,-0.8741967640224203,-0.8639437743584684,-1.2963822520124666,0.2914544530292733,0.12330300808806086,1.7215836450333226,17.3
1.4729761456292083,-0.4915136794045634,1.0222563953903143,-0.2817180849095055,1.005660301129718,0.49109373341304646,0.8633769126709036,-1.158914108206628,1.686963896247325,1.5521649145619538,0.7867394152388026,0.03802236038005059,1.4268328326589306,13.9
-0.41139796020604597,-0.4915136794045634,-1.1894278604069195,-0.2817180849095055,-0.9578709886987677,-0.12844488464165138,0.012165693563400604,-0.13768357409603257,-0.8639437743584684,-0.7719635267853766,-0.20383050918025758,0.3750505442576595,-0.18954259003934712,21.4
0.08318293001669788,-0.4915136794045634,1.237463015941261,-0.2817180849095055,2.743298610712448,-1.169916727251194,1.1040146834734468,-1.127141647279316,-0.5160927283667692,-0.015131957423553635,-1.6896853958088487,0.4343609535689915,1.858771811161496,15.6
-0.4141947846136375,0.776641345028796,-0.8927917077556141,-0.2817180849095055,-1.1055702450132998,0.43061663789351845,-0.9719350407634167,1.1420959544664104,-0.40014237970286953,-0.6289402380870793,-0.8341931883560227,0.2808791843057416,-0.7287871638302852,23.3
-0.41577700232912224,1.1993596865065825,-0.6775850872046669,-0.2817180849095055,-0.9404946056029404,0.2562175717441829,-1.3346875012269517,0.1686903353839213,-0.632043077030669,-0.903068208092149,-0.3839341318019043,0.4343609535689915,-0.7532365399719397,29.1
-0.41067888323801954,-0.4915136794045634,-1.1894278604069195,-0.2817180849095055,-0.9578709886987677,2.488244329639315,0.242028638807621,-0.13768357409603257,-0.8639437743584684,-0.7719635267853766,-0.20383050918025758,0.4343609535689915,-1.1580095449837775,38.7
0.0524203453914571,-0.4915136794045634,1.0222563953903143,3.5496478698597693,1.8657912643731693,0.1338569366232769,0.7807699167237621,-0.6078590048589445,1.686963896247325,1.5521649145619538,0.7867394152388026,0.3693183745214557,0.07260905414617186,21.7
-0.41413641394438494,-0.4915136794045634,2.1201009799576456,-0.2817180849095055,0.22372306181748858,-0.47653979489939813,0.8490104785931402,-0.8065199974732132,-0.8639437743584684,-1.2963822520124666,0.2914544530292733,0.21431582553227427,0.7055762364801194,20.5
-0.4132558861890641,-0.4915136794045634,-1.2519541082696948,-0.2817180849095055,-0.5842787521384808,0.37013954237399044,0.9459839086180452,-0.4455297500763553,-0.7479934256945686,-1.2665857335336546,-0.29388232049108093,0.4343609535689915,-0.9583396398269314,32.5
-0.42298143322984977,2.9959126377871748,-1.31448035613247,-0.2817180849095055,-1.2185167351361774,1.842686496070401,-1.923711298415266,1.1801374211372277,-0.8639437743584684,-0.3428936606904848,-1.6896853958088487,0.4165795290811762,-1.307422399182778,42.3
-0.3834806352245851,0.43846667184656674,-0.7575605205175189,-0.2817180849095055,-1.079505670369559,-0.26979251486752487,-1.2341224626826055,2.0281154328818536,-0.28419203103896984,-0.4501611272142078,0.2914544530292733,0.35574834004391265,-0.4856517010882753,24.3
-0.39318506947010917,-0.4915136794045634,-0.17010461036493343,-0.2817180849095055,-0.09774002545531586,-0.38934026182473097,0.7592202656071166,-0.45170377088435315,-0.632043077030669,-0.6051030233040298,-0.023726886558610848,0.4273419702185384,-0.13792724040696502,19.4
-0.41883587378378384,0.903456847472132,-1.292668874319874,-0.2817180849095055,-0.7232898169050994,1.3166764094586931,-1.0114427344772672,0.1125067460311412,-0.28419203103896984,-1.0937659263565453,-0.023726886558610848,0.3966924095882247,-0.7885523055098854,36.1
0.2203378576815226,-0.4915136794045634,1.0222563953903143,3.5496478698597693,1.8657912643731693,-0.2430700773123845,0.5078076692462508,-0.5045628874943653,1.686963896247325,1.5521649145619538,0.7867394152388026,0.4171644443603808,-0.1705264085958379,22.7
-0.4029118584400278,-0.4915136794045634,2.424007626546483,-0.2817180849095055,0.4669924251590711,-1.2458647076710667,1.0429573386429507,-0.9639575280771581,-0.632043077030669,1.820333580871261,0.7417135095833917,-0.18389449655012055,1.5259886359000854,7.0
4.731947222205174,-0.4915136794045634,1.0222563953903143,-0.2817180849095055,1.1968005151838175,-1.081310750094677,0.5796398396350696,-1.0342463803528255,1.686963896247325,1.5521649145619538,0.7867394152388026,-0.35457277502198187,1.989168483916987,8.5
-0.4203485434678187,1.7277576133538155,-0.8360818550428644,-0.2817180849095055,-1.3053986506153137,0.37295243053769034,-1.6651154850155183,1.67747854345533,-0.40014237970286953,-0.6706553639574161,-0.8341931883560227,0.13979761896162687,-0.4381112474795025,24.8
-0.4046940267459309,-0.4915136794045634,2.1201009799576456,-0.2817180849095055,0.22372306181748858,-0.4413786928531618,0.6873880952182978,-0.851162917161813,-0.8639437743584684,-1.2963822520124666,0.2914544530292733,0.2953850832300123,0.28178705002477267,21.4
0.6662338839602188,-0.4915136794045634,1.0222563953903143,-0.2817180849095055,0.24978763646122956,-1.0334916513117935,0.04808177875781001,-0.8176332349276094,1.686963896247325,1.5521649145619538,0.7867394152388026,-4.165997717374073,0.600987238540819,11.7
-0.34934372914489226,-0.4915136794045634,-0.7081211617423012,-0.2817180849095055,-0.4192031127281213,0.4474939668757129,0.414425847740786,-0.24363926965482618,-0.16824168237507017,-0.5872251122167427,-0.47398594311272924,0.4343609535689915,-0.6975462943159487,30.1
0.7405645845014089,-0.4915136794045634,1.0222563953903143,-0.2817180849095055,1.6051455179357594,-0.9462921182371264,0.8849265637875495,-0.9346071830052913,1.686963896247325,1.5521649145619538,0.7867394152388026,0.4343609535689915,1.3779340803756215,12.8
-0.4114960726075556,-0.4915136794045634,0.41008080585011997,3.5496478698597693,-0.04561087616783391,0.10291516682258917,0.8310524359959354,-0.20032613906333363,-0.5160927283667692,-0.7719635267853766,-0.9242449996668477,0.39739430792327013,-0.30363967870040204,23.0
-0.3162401081038833,-0.4915136794045634,1.5733598358552396,-0.2817180849095055,0.597315298377776,-0.932227677418632,0.913659431943077,-0.8573369379698108,-0.632043077030669,0.18748436823236747,1.236998471792921,0.4343609535689915,0.7612664821361105,14.3
0.7341388431670933,-0.4915136794045634,1.0222563953903143,-0.2817180849095055,1.0751658335130272,0.1127602753955351,0.9459839086180452,-0.8628935566970088,1.686963896247325,1.5521649145619538,0.7867394152388026,-3.4983754176901045,1.5409299213199854,9.5
-0.4081701863892918,-0.4915136794045634,0.4144431022126391,-0.2817180849095055,-1.0273765210820769,-0.7170417328956602,-0.4044608946917483,1.2038836550141427,-0.632043077030669,-0.6944925787404655,-1.1043486222884944,0.4343609535689915,0.42169181350201845,20.3
-0.42076583165651793,-0.4915136794045634,-0.8549851392804476,-0.2817180849095055,-0.349697580344812,-0.3696500446788379,-1.2484888967603693,1.044926365442075,-0.5160927283667692,-1.0818473189650206,0.7867394152388026,0.4343609535689915,-0.6418560486599577,21.1
0.28608434405518507,-0.4915136794045634,1.0222563953903143,-0.2817180849095055,-0.20199832403027979,1.0705486951350338,0.2779447240020304,-0.17786220181577234,1.686963896247325,1.5521649145619538,0.7867394152388026,0.415409698522767,-0.7776859161135945,25.0
-0.4190134696498076,-0.4915136794045634,0.4144431022126391,-0.2817180849095055,-1.0273765210820769,0.3504493252280986,-0.655873491052614,1.0331007409713717,-0.632043077030669,-0.6944925787404655,-1.1043486222884944,0.3869828159534309,-0.7260705664812125,27.1
0.031123744618198022,-0.4915136794045634,1.0222563953903143,-0.2817180849095055,1.8657912643731693,-1.3189997999272394,0.967533559734691,-0.7985887553583236,1.686963896247325,1.5521649145619538,0.7867394152388026,0.24590125060931553,-0.3457469376110295,20.8
0.6568734640845448,-0.4915136794045634,1.0222563953903143,-0.2817180849095055,1.1968005151838175,0.2407466868438384,1.0609153812401553,-0.9780627910000455,1.686963896247325,1.5521649145619538,0.7867394152388026,0.3768052900952733,0.5955540438426737,13.1
-0.41550253599072184,-0.4915136794045634,0.4144431022126391,-0.2817180849095055,-1.0273765210820769,-0.40903047897062283,-0.968343432243976,0.8157277160620943,-0.632043077030669,-0.6944925787404655,-1.1043486222884944,0.4343609535689915,-0.31722266544576566,21.7
1.8716602359156345,-0.4915136794045634,1.0222563953903143,-0.2817180849095055,0.9795957264859769,-3.040487356111008,1.1040146834734468,-1.2576509486668395,1.686963896247325,1.5521649145619538,0.7867394152388026,0.4343609535689915,3.427606780251001,13.8
-0.4233627054736911,3.1015922231566213,-1.006211413181113,-0.2817180849095055,-1.0968820534653863,0.30403667052706507,-1.4927182760823532,2.255984293164727,-0.632043077030669,-0.3250157496031977,-0.24885641483567006,0.3820695276081133,-0.8659753299584583,23.1
-0.4103733686712933,-0.4915136794045634,-0.1541095237023631,-0.2817180849095055,-0.07167545081157488,-0.5440491108281734,0.8490104785931402,-0.6799525709092575,-0.40014237970286953,0.15768784975355554,-0.29388232049108093,0.41154925768001777,0.4719488644598642,18.8
-0.41850676256353,-0.4915136794045634,-1.2519541082696948,-0.2817180849095055,-0.5842787521384808,0.9566267245052262,-0.39009446061398456,-0.45407839427204455,-0.7479934256945686,-1.2665857335336546,-0.29388232049108093,0.4343609535689915,-1.0452707549972589,37.2
-0.3798330893608656,-0.4915136794045634,-0.17010461036493343,-0.2817180849095055,-0.09774002545531586,0.37576531870138896,0.6478804015044471,-0.08681914113168121,-0.632043077030669,-0.6051030233040298,-0.023726886558610848,0.4202060038122439,-0.469352116993839,23.8
-0.41803234563471114,-0.4915136794045634,-0.9713130422809596,-0.2817180849095055,-0.9839355633425086,-0.5651457720559164,-0.6091825802998819,2.0082160888929987,-0.7479934256945686,-0.3190564459074353,0.15637673606303748,0.056622666258752744,-0.008888866326010174,17.2
2.1471201176224732,-0.4915136794045634,1.0222563953903143,-0.2817180849095055,0.901402002554754,-3.040487356111008,1.1040146834734468,-1.2381315444200156,1.686963896247325,1.5521649145619538,0.7867394152388026,0.12225016058549312,1.4404158194042944,11.9
-0.41185995784353446,-0.4915136794045634,2.424007626546483,-0.2817180849095055,0.4669924251590711,-0.4455980250987104,0.5113992777656915,-0.7955967298898324,-0.632043077030669,1.820333580871261,0.7417135095833917,0.4343609535689915,0.08347544354246281,20.1
1.253676299318146,-0.4915136794045634,1.0222563953903143,-0.2817180849095055,0.6581326392131716,-3.4272594786196158,1.1040146834734468,-1.0802190891385324,1.686963896247325,1.5521649145619538,0.7867394152388026,-2.671305212895,0.08075884619339013,23.1
-0.3845188879798011,-0.4915136794045634,-0.7081211617423012,-0.2817180849095055,-0.4192031127281213,2.7385913762085217,0.040898561718928535,-0.06326287712578185,-0.16824168237507017,-0.5872251122167427,-0.47398594311272924,0.2243763683345911,-1.193325310521723,48.3
0.5927688080247528,-0.4915136794045634,1.0222563953903143,-0.2817180849095055,1.3705643461420907,-0.5117008969456357,0.3964678051435813,-0.4777296432134518,1.686963896247325,1.5521649145619538,0.7867394152388026,-4.167752463211686,0.5711046677010191,13.5
-0.3757570779462495,-0.4915136794045634,-0.17010461036493343,-0.2817180849095055,-0.09774002545531586,0.11557316355923375,-0.07403291090318166,-0.11996888362385413,-0.632043077030669,-0.6051030233040298,-0.023726886558610848,0.41459081713188084,-0.32265586014391123,23.1
-0.14719989187755547,-0.4915136794045634,1.237463015941261,-0.2817180849095055,0.4322396589674164,-0.6270293116572931,0.8095027848792895,-0.6473727380301305,-0.5160927283667692,-0.015131957423553635,-1.6896853958088487,0.4134209865734723,-0.148793629803256,22.7
-0.38561551140426975,-0.4915136794045634,1.5733598358552396,-0.2817180849095055,0.597315298377776,-0.5032622324545385,0.8705601297097856,-0.8635109587778086,-0.632043077030669,0.18748436823236747,1.236998471792921,0.21618755442572882,0.5656714730028732,17.4
-0.4198902716177293,2.890233052417728,-1.3886393942952964,-0.2817180849095055,-1.3140868421632272,1.1352451229001104,-1.1730651178521094,1.6735841610995164,-0.8639437743584684,-0.4561204309099702,-2.635229414572497,-0.06386988125736581,-0.5603581281877756,30.3
-0.34328187304655555,0.3539230035510095,-1.0323851913562283,-0.2817180849095055,0.7971437039797902,1.4531014853980937,1.1040146834734468,-0.8978480129638273,-0.5160927283667692,-0.8434751711345252,-2.4551257919508496,0.27514701456953844,-0.6717386194997578,36.0
-0.3542381718581774,-0.4915136794045634,-0.7081211617423012,-0.2817180849095055,-0.4192031127281213,2.865171343574975,0.1450552087827155,0.025310575235110183,-0.16824168237507017,-0.5872251122167427,-0.47398594311272924,0.30579657519985215,-1.3943535143531054,41.7
-0.40440589918706715,-0.4915136794045634,-0.1541095237023631,-0.2817180849095055,-0.07167545081157488,-0.5229524496004316,0.6802048781794158,-0.6278533337833068,-0.40014237970286953,0.15768784975355554,-0.29388232049108093,-0.1738339537478037,0.41082542410572753,18.3
-0.41711704386366544,-0.4915136794045634,2.1201009799576456,-0.2817180849095055,0.22372306181748858,-0.6045262063477014,0.015757302082841852,-0.7254028625496726,-0.8639437743584684,-1.2963822520124666,0.2914544530292733,0.3436990852923005,0.2220219083451723,22.0
0.6899348595350308,-0.4915136794045634,1.0222563953903143,3.5496478698597693,1.8657912643731693,-0.12352233035517843,1.0106328619679825,-0.7897551563561115,1.686963896247325,1.5521649145619538,0.7867394152388026,0.21010443552200267,0.6607523802204195,17.8
-0.38652336160051726,-0.4915136794045634,-0.7081211617423012,-0.2817180849095055,-0.44526768737186223,2.765313813763662,0.32463563475476254,-0.4230183203610401,-0.16824168237507017,-0.5872251122167427,-0.47398594311272924,0.29573603239753526,-1.1675176357055321,44.8
1.3193122539989688,-0.4915136794045634,1.0222563953903143,-0.2817180849095055,0.36273412658410714,0.5023452860678423,1.1040146834734468,-1.0721928620881354,1.686963896247325,1.5521649145619538,0.7867394152388026,-3.798670922033673,1.1524565004025842,17.2
0.6479328162558365,-0.4915136794045634,1.0222563953903143,-0.2817180849095055,1.1968005151838175,-0.1502447679103188,0.8382356530348168,-0.946955224621287,1.686963896247325,1.5521649145619538,0.7867394152388026,0.4343609535689915,0.3306858023080818,13.8
-0.39350051946989967,-0.4915136794045634,1.5733598358552396,-0.2817180849095055,0.597315298377776,-0.8534668088350608,0.9603503426958091,-0.9483325061861481,-0.632043077030669,0.18748436823236747,1.236998471792921,0.3783260698212048,0.6050621345644284,16.2
-0.42432395862265904,1.833437198723262,-1.2824901828073292,-0.2817180849095055,-1.4444097153819322,0.215430693370548,-1.3418707182658338,1.672776789147701,-0.979894123022368,-0.6289402380870793,-1.419529961876377,0.40885864739567773,-0.6119734778201574,22.0
0.9512913940071406,-0.4915136794045634,1.0222563953903143,-0.2817180849095055,1.414005303881659,0.15636004193286868,1.1040146834734468,-0.9148028239519445,1.686963896247325,1.5521649145619538,0.7867394152388026,-0.4798616278275766,0.31031132219003627,16.7
-0.4093947285144629,-0.4915136794045634,-0.36495384789079094,-0.2817180849095055,-0.3062566226052437,-0.2430700773123845,0.5724566225961876,-0.7896601714206039,-0.5160927283667692,-0.12835872764303896,1.1019207548266852,0.3266195591395305,0.18398954545815407,20.4
0.7152776654237132,-0.4915136794045634,1.0222563953903143,-0.2817180849095055,1.257617856019213,-1.0742785296854298,1.1040146834734468,-1.0470693466463596,1.686963896247325,1.5521649145619538,0.7867394152388026,0.4343609535689915,1.4757315849422403,11.3
-0.42138058657736954,0.9880005157676892,-0.7284785447673909,-0.2817180849095055,-1.0195571486889545,-0.3780887091699351,-1.6507490509377547,1.3561919991006737,-0.979894123022368,-0.6051030233040298,-0.6991154713897885,0.02901466508030215,-0.6663054248016123,19.4
-0.3847238062867517,-0.4915136794045634,1.5733598358552396,-0.2817180849095055,0.597315298377776,-0.6720355222764767,0.9388006915791637,-0.6246238459760464,-0.632043077030669,0.18748436823236747,1.236998471792921,0.3383178647236197,0.3116696208645726,18.4
0.720901120538089,-0.4915136794045634,1.0222563953903143,-0.2817180849095055,0.6581326392131716,-0.11789655402777986,1.1040146834734468,-1.2424058665178601,1.686963896247325,1.5521649145619538,0.7867394152388026,0.07463805685824963,-0.4353946501304298,50.0
-0.4104478844192753,-0.4915136794045634,-0.604880147829347,-0.2817180849095055,-0.9318064140550267,-0.32464383405965436,-1.0509504281911175,0.9193562807009503,-0.7479934256945686,-1.0282135857031591,-0.24885641483567006,0.34650667863248197,-0.43267805278135685,21.2
0.07585679006093297,-0.4915136794045634,1.0222563953903143,-0.2817180849095055,-0.20199832403027979,-0.0996127809637367,0.7699950911654393,-0.32570625393344355,1.686963896247325,1.5521649145619538,0.7867394152388026,0.4159946138019716,0.018277107164717088,19.6
-0.4212340389396716,2.890233052417728,-1.1196311186066124,-0.2817180849095055,-1.3662159914507093,-0.013819691970918264,-1.8482875195070063,1.3423241985165557,-0.632043077030669,-0.4084460013438711,-1.0593227166330819,0.4343609535689915,-1.0955278059551046,23.5
-0.42382097732378043,3.312951393895515,-1.4337164567079947,3.5496478698597693,-1.3401514168069681,2.282903493689289,-1.5968749231461405,0.9972914202849843,-0.979894123022368,-1.2367892150548427,-2.184970358018379,0.41821729186294854,-1.300630905810096,50.0
-0.4185626493745164,-0.4915136794045634,-0.9567720544058955,-0.2817180849095055,-0.9231182225071131,0.4643712958579061,-0.4727014565611261,0.30993293448381043,-0.7479934256945686,-0.9447833339624858,0.02129901909680163,0.38054874788218174,-0.84288425249134,26.6
-0.4129056621735487,0.776641345028796,-0.8927917077556141,-0.2817180849095055,-1.1055702450132998,0.0818185055948461,-0.5876329291832363,1.5436922617927924,-0.40014237970286953,-0.6289402380870793,-0.8341931883560227,0.1518468737132384,-0.20584217413378345,22.2
-0.4187278259492099,-0.4915136794045634,-1.2519541082696948,-0.2817180849095055,-0.5842787521384808,2.153510638159137,-0.5624916695471496,-0.278261278647368,-0.7479934256945686,-1.2665857335336546,-0.29388232049108093,0.38440918872493096,-1.1254103767949044,50.0
1.0122080179824355,-0.4915136794045634,1.0222563953903143,-0.2817180849095055,1.257617856019213,-1.7775005706101719,0.9962664278902185,-0.9570236277850989,1.686963896247325,1.5521649145619538,0.7867394152388026,0.4343609535689915,1.7582577092458045,9.7
-0.24870772763691865,-0.4915136794045634,1.237463015941261,-0.2817180849095055,2.743298610712448,0.29559800603596786,1.1040146834734468,-0.9589708189630057,-0.5160927283667692,-0.015131957423553635,-1.6896853958088487,0.05311317458352586,-0.7260705664812125,23.3
-0.41403830154287524,0.03688424744266962,-0.46528666422873255,-0.2817180849095055,-0.27150385641358904,-0.577803768792561,-1.0868665133855269,0.7911266177656106,-0.5160927283667692,-0.5633878974336931,-1.4645558675317893,0.3594917978308211,0.40403393073304583,21.7
-0.4177156537057876,-0.4915136794045634,-0.7430195326424549,-0.2817180849095055,-0.48870864511143053,-0.12844488464165138,-0.038116825708772256,-0.20175091309594856,-0.5160927283667692,-0.7540856156980894,0.3364803586846842,0.4343609535689915,-0.4150201700123842,18.9
-0.32968523289810436,-0.4915136794045634,-0.4260259969660597,-0.2817180849095055,-0.14986917474279782,0.2745013448082261,0.9028846063847542,0.3180066540019612,-0.632043077030669,-0.5872251122167427,1.1469466604820977,0.32954413553555284,0.008769016442962716,18.4
-0.2757321055717284,-0.4915136794045634,1.237463015941261,-0.2817180849095055,0.4322396589674164,-0.5974939859384542,0.9100678234236357,-0.6455205317877313,-0.5160927283667692,-0.015131957423553635,-1.6896853958088487,-0.7893987935825757,0.23017170039239057,17.4
-0.013234238226360832,-0.4915136794045634,1.237463015941261,3.5496478698597693,2.743298610712448,-1.2613355925714111,1.1040146834734468,-1.1699798531932701,-0.5160927283667692,-0.015131957423553635,-1.6896853958088487,0.4343609535689915,1.9131037581429506,13.4
1.0585568132272472,-0.4915136794045634,1.0222563953903143,-0.2817180849095055,0.901402002554754,-0.9730145557922669,1.1040146834734468,-1.1872671114556643,1.686963896247325,1.5521649145619538,0.7867394152388026,-0.3238062313358274,-0.08223699475097393,27.9
-0.42208476039579956,1.1993596865065825,-1.4279000615579691,-0.2817180849095055,-1.0968820534653863,0.8989625171493969,-1.2484888967603693,2.377944950356561,-0.979894123022368,-0.4203646087353959,0.5616098869617434,0.3518878992011634,-0.9298153676616677,26.6
-0.37505042026955343,-0.4915136794045634,-0.7081211617423012,3.5496478698597693,-0.4192031127281213,-0.19103164628395372,0.7915447422820847,-0.35006988989115806,-0.16824168237507017,-0.5872251122167427,-0.47398594311272924,0.4149417662994039,1.1850556685914575,21.7
-0.4105286098129225,-0.4915136794045634,-1.1894278604069195,-0.2817180849095055,-0.9578709886987677,0.4573390754486588,-0.41164411173063026,-0.13768357409603257,-0.8639437743584684,-0.7719635267853766,-0.20383050918025758,-0.02093709976375838,-0.8265846683969036,28.4
-0.42029886630249735,0.3961948376987881,-0.7895506938426597,-0.2817180849095055,-1.0100001379862495,-0.2599474062945777,-0.22488046871970124,1.4388288929923372,-0.632043077030669,-0.9686205487455354,-0.7441413770451993,0.40008491820761083,-0.44897763687579345,20.5
-0.4116152978043268,0.776641345028796,-0.8927917077556141,-0.2817180849095055,-1.1055702450132998,0.8398918657117188,-0.5373504099110632,1.2115299423225092,-0.40014237970286953,-0.6289402380870793,-0.8341931883560227,0.368265527018888,-0.18410939534120152,22.0
10.6245283797094,-0.4915136794045634,1.0222563953903143,-0.2817180849095055,1.005660301129718,0.9397493955230318,0.8130943933987307,-1.124909501294886,1.686963896247325,1.5521649145619538,0.7867394152388026,0.4343609535689915,0.607778731913501,10.4
1.4592155708351966,-0.4915136794045634,1.0222563953903143,-0.2817180849095055,1.6051455179357594,-0.2079089752661469,1.1040146834734468,-0.8885394892840768,1.686963896247325,1.5521649145619538,0.7867394152388026,-4.099668324712288,1.8628467071851047,8.7
-0.41743621965085503,-0.4915136794045634,-1.0207524010561773,-0.2817180849095055,-0.3931385380843803,0.7878534346832881,0.18456290249656615,-0.4130923946004899,-0.5160927283667692,-0.6527774528701289,-0.8341931883560227,0.36849949313056957,-0.7899106041844217,29.9
-0.4098579680810844,-0.4915136794045634,-0.604880147829347,-0.2817180849095055,-0.9318064140550267,0.6612734673168333,-2.3834371889037063,0.9193562807009503,-0.7479934256945686,-1.0282135857031591,-0.24885641483567006,0.29994742240780753,-1.0724367284879863,26.6
0.5479028761647833,-0.4915136794045634,1.0222563953903143,-0.2817180849095055,0.8666492363630994,-0.12774166260072703,-0.1386818642531185,-0.3902485176108978,1.686963896247325,1.5521649145619538,0.7867394152388026,0.4343609535689915,0.06581756077349016,21.4
0.30358188361049454,-0.4915136794045634,1.0222563953903143,-0.2817180849095055,1.1968005151838175,0.1479213774417727,0.9603503426958091,-1.001286607731668,1.686963896247325,1.5521649145619538,0.7867394152388026,0.4343609535689915,0.9011712456133565,12.5
-0.39715924269581643,-0.4915136794045634,-0.06977179402699193,-0.2817180849095055,-0.5755905605905671,0.03681229497566258,-0.601999363261,0.27060917118363936,-0.632043077030669,-0.7660042230896142,0.06632492475221412,0.4106133932332908,-0.23979964099719264,24.4
-0.41807332929610125,0.3539230035510095,-1.125447513756638,3.5496478698597693,-0.9761161909493863,1.8919120389351318,-0.7025644018053462,0.6776196198339581,-0.5160927283667692,-1.1295217485311198,-1.5996335844980245,0.20238355383650353,-1.3210053859281417,46.0
-0.4197002564603752,2.890233052417728,-1.0803704513439394,-0.2817180849095055,-1.418345140738191,-0.26979251486752487,-1.3382791097463929,2.581307697278459,-0.979894123022368,-0.5395506826506435,-0.9242449996668477,0.38745074817679404,-0.8374510577931946,21.9
0.4464707980825352,-0.4915136794045634,1.0222563953903143,-0.2817180849095055,1.414005303881659,-0.41324981121617144,0.9352090830597224,-0.9073465065145931,1.686963896247325,1.5521649145619538,0.7867394152388026,-0.4654727119591467,0.40267563205850926,14.2
-0.41710959228886724,-0.4915136794045634,-1.292668874319874,-0.2817180849095055,-0.8449244985758901,1.1915028861740897,-0.5409420184305039,1.0814480731447702,-0.7479934256945686,-1.0937659263565453,0.11135083040762499,0.4343609535689915,-1.0058800934357042,36.2
-0.4237750259458582,3.312951393895515,-1.0643753646813692,-0.2817180849095055,-1.400968757642364,1.6232812193018806,-1.259263722318692,1.2115299423225092,-0.7479934256945686,-0.9626612450497729,-1.149374527943906,0.3108268466010099,-1.307422399182778,44.0
-0.3923542188801097,-0.4915136794045634,-0.20064068490256795,-0.2817180849095055,0.2584758280091432,-0.711415956568263,0.04808177875781001,-0.4238256923128552,-0.40014237970286953,-0.08664360177270226,0.3364803586846842,0.4343609535689915,0.1853478441326904,18.3
-0.40722259446078723,-0.4915136794045634,-0.36495384789079094,-0.2817180849095055,-0.3062566226052437,0.6007963717973066,0.3821013710658179,-0.4783945377620053,-0.5160927283667692,-0.12835872764303896,1.1019207548266852,0.40932657961904084,-0.45033593555032975,27.5
-0.3782260330627202,-0.4915136794045634,-0.7081211617423012,-0.2817180849095055,-0.44526768737186223,2.4474574512656773,0.6191475333489197,-0.270425021467986,-0.16824168237507017,-0.5872251122167427,-0.47398594311272924,0.32299308440846286,-1.304705801833705,37.6
1.36527605121254,-0.4915136794045634,1.0222563953903143,-0.2817180849095055,1.6051455179357594,0.22668224602534387,0.8633769126709036,-0.8465561477896913,1.686963896247325,1.5521649145619538,0.7867394152388026,-3.887110112249387,0.7218758205745559,9.6
-0.4082335247750765,-0.4915136794045634,-0.06977179402699193,-0.2817180849095055,-0.5755905605905671,0.10572805498628782,-1.32750428418807,0.07612751573170762,-0.632043077030669,-0.7660042230896142,0.06632492475221412,0.30462674464144296,-0.4557691302484751,28.1
0.8239812385798726,-0.4915136794045634,1.0222563953903143,-0.2817180849095055,0.24978763646122956,0.7498794444733518,0.899292997865313,-0.8059025953924134,1.686963896247325,1.5521649145619538,0.7867394152388026,-3.2572733396020266,0.9446368031985203,14.1
-0.13831513085983357,-0.4915136794045634,1.237463015941261,-0.2817180849095055,0.4322396589674164,-0.5904617655292069,1.0070412534485411,-0.6631877297921558,-0.5160927283667692,-0.015131957423553635,-1.6896853958088487,-0.13616540976703695,-0.0958199814963378,19.1
-0.41551743914031825,-0.4915136794045634,-1.1894278604069195,-0.2817180849095055,-0.9578709886987677,2.1380397532587927,-1.1622902922937868,-0.13768357409603257,-0.8639437743584684,-0.7719635267853766,-0.20383050918025758,0.39493766375061096,-1.2449406601541049,43.8
-0.42119553913654756,2.890233052417728,-0.8898835101806012,-0.2817180849095055,-1.253269501327832,0.4643712958579061,-1.6471574424183137,0.6324067905323123,-0.632043077030669,-0.9567019413540105,0.3364803586846842,0.4343609535689915,-1.0914529099314954,27.9
-0.4010924322601337,-0.4915136794045634,-0.06977179402699193,-0.2817180849095055,-0.5755905605905671,-0.16571565281066206,-0.964751823724535,0.07612751573170762,-0.632043077030669,-0.7660042230896142,0.06632492475221412,0.39610749430902015,-0.4435444421776478,25.0
-0.4043599478091449,0.5652821742899027,-0.8637097320054861,-0.2817180849095055,-0.8883654563154584,-0.46950757449015085,0.8669685211903448,1.4406336067669827,-0.16824168237507017,-0.7242890972192775,0.5616098869617434,0.21419884247643348,0.2315299990669269,16.0
-0.3972114037194039,-0.4915136794045634,-0.604880147829347,-0.2817180849095055,-0.9318064140550267,-0.3794951532517838,0.5832314481545103,0.9043961533584939,-0.7479934256945686,-1.0282135857031591,-0.24885641483567006,0.38569600233918094,0.8237482211647835,16.6
-0.2533065912165418,-0.4915136794045634,-0.4260259969660597,-0.2817180849095055,-0.14986917474279782,-0.4920106797997426,0.4575251499740774,0.09730915634991576,-0.632043077030669,-0.5872251122167427,1.1469466604820977,-1.4876706538968583,2.0339923401766873,13.2
-0.3538593834726022,0.3539230035510095,-1.0323851913562283,-0.2817180849095055,0.17159391253000664,2.808913580300997,-0.08121612794206363,-0.6475627079011459,-0.5160927283667692,-0.8434751711345252,-2.4551257919508496,0.2897698965496499,-0.7192790731085306,50.0
-0.39575089505895644,-0.4915136794045634,-0.5365375048165462,-0.2817180849095055,-0.5408377943989126,-0.3049536169137612,-0.9180609129718027,0.7745042540517701,-0.5160927283667692,-0.7064111861319904,0.5165839813063325,0.4343609535689915,0.007410717768426135,22.2
-0.4234769629539301,3.524310564634408,-1.3959098882328282,-0.2817180849095055,-1.322775033711141,1.1746255571918953,-1.988360251765203,1.837148220043705,-0.7479934256945686,-0.02109126111931602,-0.6540895657343759,0.2869623032094684,-1.1254103767949044,32.9
0.15415048646563326,-0.4915136794045634,1.0222563953903143,-0.2817180849095055,1.3705643461420907,-0.4554431336716563,0.6694300526210931,-0.5720496841725571,1.686963896247325,1.5521649145619538,0.7867394152388026,-4.086098290234744,0.8522724933300473,12.7
-0.30698525220451733,-0.4915136794045634,-0.4260259969660597,-0.2817180849095055,-0.14986917474279782,-0.3555856038603433,0.7017545292960613,0.3173892519211616,-0.632043077030669,-0.5872251122167427,1.1469466604820977,-0.6245696679027597,0.6172868226352556,14.8
4.337336659475097,-0.4915136794045634,1.0222563953903143,-0.2817180849095055,1.1968005151838175,-1.191013388478936,1.1040146834734468,-1.0901925073668366,1.686963896247325,1.5521649145619538,0.7867394152388026,0.4343609535689915,2.425182358443161,5.0
-0.3589935185085628,-0.4915136794045634,-0.7081211617423012,-0.2817180849095055,-0.44526768737186223,-0.44841091326240906,-0.0417084342282135,-0.05395435344603125,-0.16824168237507017,-0.5872251122167427,-0.47398594311272924,0.217357384984138,-0.14743533112871965,24.3
-0.3586072785481894,0.3539230035510095,-1.0323851913562283,-0.2817180849095055,0.7971437039797902,1.270263754757661,0.4503419329351954,-0.7945518955992482,-0.5160927283667692,-0.8434751711345252,-2.4551257919508496,0.3863979006742263,-0.4272448580832115,33.8
2.511253739427906,-0.4915136794045634,1.0222563953903143,-0.2817180849095055,1.005660301129718,0.1127602753955351,0.967533559734691,-1.1393472114920502,1.686963896247325,1.5521649145619538,0.7867394152388026,0.4343609535689915,1.4879562730130675,13.1
-0.41998465823183984,1.7277576133538155,-0.8360818550428644,-0.2817180849095055,-1.3053986506153137,0.021341410075319336,-0.8498203511024248,1.67747854345533,-0.40014237970286953,-0.6706553639574161,-0.8341931883560227,0.4343609535689915,-0.6975462943159487,22.3
-0.19794387432417282,-0.4915136794045634,1.237463015941261,3.5496478698597693,0.4322396589674164,2.112723759785501,1.03936573012351,-0.8284615175754824,-0.5160927283667692,-0.015131957423553635,-1.6896853958088487,0.34908030586098193,-1.4690599414526058,50.0
1.302260567002418,-0.4915136794045634,1.0222563953903143,-0.2817180849095055,1.3705643461420907,-0.12914810668257573,0.9244342575013996,-0.742262688602282,1.686963896247325,1.5521649145619538,0.7867394152388026,-3.0314960418291057,0.3306858023080818,11.7
-0.394661723209286,-0.4915136794045634,1.5733598358552396,-0.2817180849095055,0.597315298377776,-0.6228099794117445,1.03936573012351,-1.005180990087482,-0.632043077030669,0.18748436823236747,1.236998471792921,0.37750718843031866,1.1660394871479483,13.3
-0.411990360402503,0.5652821742899027,-0.8637097320054861,-0.2817180849095055,-0.8883654563154584,0.2196500256160966,-0.05248325978653622,1.6339279505250688,-0.16824168237507017,-0.7242890972192775,0.5616098869617434,0.4343609535689915,-0.8157182790006127,22.2
-0.35641278977011914,-0.4915136794045634,1.5733598358552396,-0.2817180849095055,0.597315298377776,-0.12844488464165138,1.03936573012351,-0.7952167901478018,-0.632043077030669,0.18748436823236747,1.236998471792921,0.4082737321164731,0.5738212650500918,18.1
-0.3852690131761534,-0.4915136794045634,1.5733598358552396,-0.2817180849095055,0.597315298377776,0.184488923569859,1.0609153812401553,-0.9368393289897213,-0.632043077030669,0.18748436823236747,1.236998471792921,0.4343609535689915,0.360568373147882,18.0
0.17487083212116486,-0.4915136794045634,1.0222563953903143,-0.2817180849095055,0.2410994449133159,-0.5553006634829692,-0.5768581036249133,-0.30053524602391396,1.686963896247325,1.5521649145619538,0.7867394152388026,0.3328196610990981,-0.17460130461944715,20.6
-0.3994506019462633,0.03688424744266962,-0.46528666422873255,-0.2817180849095055,-0.27150385641358904,-0.940666341909728,1.1040146834734468,1.090899074227782,-0.5160927283667692,-0.5633878974336931,-1.4645558675317893,0.31421935522039596,2.335534645923761,16.5
-0.38799628955229504,-0.4915136794045634,-0.5365375048165462,-0.2817180849095055,-0.5408377943989126,0.017122077829770724,-1.449618973849062,0.7745042540517701,-0.5160927283667692,-0.7064111861319904,0.5165839813063325,0.4343609535689915,-0.894499602123722,23.0
0.5747869161075603,-0.4915136794045634,1.0222563953903143,-0.2817180849095055,0.24978763646122956,-1.2275809346070234,0.9388006915791637,-0.6436683255453318,1.686963896247325,1.5521649145619538,0.7867394152388026,-0.08410794991784028,0.7341005086453832,13.8
-0.4232621092139154,0.24824341818156284,-1.4089967773203858,-0.2817180849095055,-1.208959724433472,1.1310257906545618,-0.3505867669001342,2.5825425014400585,-0.7479934256945686,-1.1295217485311198,0.06632492475221412,0.3915451551312255,-0.6364228539618121,33.0
-0.4201995119718547,2.4675147109399416,-1.2839442815948354,-0.2817180849095055,-1.348839608354882,0.8033243195836325,-0.785171397752488,1.9199750838063836,-0.5160927283667692,-0.28330062373286097,-1.6446594901534362,0.36370318784109334,-0.905365991520013,24.8
-0.34645500198145623,-0.4915136794045634,-0.4260259969660597,-0.2817180849095055,-0.14986917474279782,-0.2866698438497181,0.547315362960101,0.321426111680237,-0.632043077030669,-0.5872251122167427,1.1469466604820977,0.23689355530956643,-0.33623884688927486,18.2
-0.12182479583141423,-0.4915136794045634,1.237463015941261,-0.2817180849095055,2.743298610712448,-1.4455797672936928,0.8885181723069903,-0.9729810969503857,-0.5160927283667692,-0.015131957423553635,-1.6896853958088487,-3.1718757088381757,0.4624407737381096,13.1
-0.4215134729946042,2.678873881678835,-1.180703267681881,-0.2817180849095055,-1.1055702450132998,1.018510264106603,-1.9201196898958253,0.7674753688242033,-0.7479934256945686,-0.9149868154836739,-0.06875279221402172,0.41938712242135767,-1.4609101494053875,34.9
1.7932324111645668,-0.4915136794045634,1.0222563953903143,-0.2817180849095055,1.005660301129718,-0.10805144545483393,1.1040146834734468,-1.1393472114920502,1.686963896247325,1.5521649145619538,0.7867394152388026,0.39739430792327013,1.2285212261766212,10.2
0.11440378649202795,-0.4915136794045634,1.0222563953903143,-0.2817180849095055,0.21503487026957493,-0.1868123140384051,0.5293573203628962,-0.3570037901832172,1.686963896247325,1.5521649145619538,0.7867394152388026,0.4343609535689915,0.4828152538561549,19.9
1.9105077791969234,-0.4915136794045634,1.0222563953903143,-0.2817180849095055,0.36273412658410714,-2.3513297560047604,1.1040146834734468,-1.0596548506011243,1.686963896247325,1.5521649145619538,0.7867394152388026,-3.8719023149900713,2.9386192574179084,17.9
-0.4200219161058309,-0.4915136794045634,0.41008080585011997,3.5496478698597693,-0.04561087616783391,-0.579210212874411,-0.47629306508056707,-0.31962721806095346,-0.5160927283667692,-0.7719635267853766,-0.9242449996668477,0.3863979006742263,0.10520822233504472,23.3
-0.39955740785170424,0.3539230035510095,-1.125447513756638,-0.2817180849095055,-0.9761161909493863,0.7203441187545128,-1.3310958927075107,0.1498833181534048,-0.5160927283667692,-1.1295217485311198,-1.5996335844980245,0.4343609535689915,-1.07107842981345,35.1
1.164269821031062,-0.4915136794045634,1.0222563953903143,-0.2817180849095055,1.6051455179357594,-0.6270293116572931,0.9818999938124545,-0.897373088286289,1.686963896247325,1.5521649145619538,0.7867394152388026,-1.395020073670872,1.501539259758431,10.8
2.3129052375911203,-0.4915136794045634,1.0222563953903143,-0.2817180849095055,1.6051455179357594,-0.6776612986038753,0.8310524359959354,-0.9113358738059149,1.686963896247325,1.5521649145619538,0.7867394152388026,0.3706051881357057,1.273345082436321,10.5
-0.4219084064589088,-0.4915136794045634,-0.8549851392804476,-0.2817180849095055,-0.349697580344812,-0.569365104301465,-0.34699515838069317,0.8690617573496449,-0.5160927283667692,-1.0818473189650206,0.7867394152388026,0.40991149489824547,-0.29548988665318376,18.5
-0.3610327661450039,-0.4915136794045634,-0.7081211617423012,3.5496478698597693,-0.4192031127281213,0.465777739939756,0.25998668140482567,0.1723472554009661,-0.16824168237507017,-0.5872251122167427,-0.47398594311272924,0.3355102713834382,-0.4340363514558935,25.1
-0.39438974072915167,-0.4915136794045634,-0.06977179402699193,-0.2817180849095055,-0.5755905605905671,-0.7268868414686062,0.12350555766607006,0.27060917118363936,-0.632043077030669,-0.7660042230896142,0.06632492475221412,0.3469746108558458,0.723234119249092,22.5
-0.3987116541121084,-0.4915136794045634,-0.06977179402699193,3.5496478698597693,-0.5755905605905671,-0.6931321835042186,-0.5553084525082679,-0.06293042985150497,-0.632043077030669,-0.7660042230896142,0.06632492475221412,0.3646390522878203,0.4474994883182096,22.4
-0.4096244854040741,-0.4915136794045634,0.4144431022126391,-0.2817180849095055,-1.0273765210820769,0.5318806117866813,-1.3706035864213613,1.0331007409713717,-0.632043077030669,-0.6944925787404655,-1.1043486222884944,0.4343609535689915,-0.8782000180292857,28.6
0.12353072369069137,-0.4915136794045634,1.0222563953903143,-0.2817180849095055,0.24978763646122956,-0.41746914346172004,0.9064762149041949,-0.5911891486773505,1.686963896247325,1.5521649145619538,0.7867394152388026,-0.3331648758030982,1.1660394871479483,19.1
-0.3990966521433488,0.43846667184656674,-0.7575605205175189,-0.2817180849095055,-1.079505670369559,0.19433403214280492,-2.16794067773725,1.7152350553196247,-0.28419203103896984,-0.4501611272142078,0.2914544530292733,0.20238355383650353,-1.2422240628050323,24.8
-0.4035998871797284,-0.4915136794045634,-0.20064068490256795,-0.2817180849095055,0.2584758280091432,-1.0278658749843963,0.1522384258215975,-0.6578685734037268,-0.40014237970286953,-0.08664360177270226,0.3364803586846842,0.4211418682589708,0.3211777115863272,17.5
1.508706446786583,-0.4915136794045634,1.0222563953903143,-0.2817180849095055,0.21503487026957493,-0.5257653377641303,0.062448212835573974,-0.4163693748755041,1.686963896247325,1.5521649145619538,0.7867394152388026,0.10493666832104094,0.7327422099708466,19.1
-0.4132658216221284,0.9457286816199105,-0.7241162484048717,-0.2817180849095055,-1.0621292872737316,0.9594396126689249,-1.851879128026447,0.810503544609173,-0.28419203103896984,-0.4561204309099702,-1.0593227166330819,0.35867291643993493,-1.0697201311389135,33.1
-0.41797149110719245,1.1993596865065825,-1.4279000615579691,-0.2817180849095055,-1.0968820534653863,0.2674691243989788,-0.8929196533357162,2.377944950356561,-0.979894123022368,-0.4203646087353959,0.5616098869617434,0.4343609535689915,-0.9175906795908403,22.9
-0.41442702536151477,0.3539230035510095,-0.597609653891815,3.5496478698597693,-0.7927953492884081,-0.5342040022552275,-0.27875459651131534,0.06287711722838928,-0.7479934256945686,-1.087806622660783,0.06632492475221412,0.3693183745214557,0.12422440377855394,20.7
-0.42140666708916324,2.9959126377871748,-1.31448035613247,-0.2817180849095055,-1.2185167351361774,-0.19384453444765237,-1.1084161645021726,1.1801374211372277,-0.8639437743584684,-0.3428936606904848,-1.6896853958088487,0.39774525709079245,-0.720637371783067,24.1
-0.24394617134086805,-0.4915136794045634,1.237463015941261,-0.2817180849095055,0.4322396589674164,1.6725067621666128,0.77358669968488,-0.8616112600676554,-0.5160927283667692,-0.015131957423553635,-1.6896853958088487,0.1715000270945083,-1.4948676162687966,50.0
-0.40589373028844133,-0.4915136794045634,-0.604880147829347,-0.2817180849095055,-0.9318064140550267,-0.12492877443702713,-2.2541392822038326,0.9193562807009503,-0.7479934256945686,-1.0282135857031591,-0.24885641483567006,0.405817087943814,-0.7192790731085306,24.7
-0.4169754639424996,-0.4915136794045634,0.41008080585011997,-0.2817180849095055,-0.04561087616783391,0.48124862484010056,0.5688650140767464,-0.17287549270162025,-0.5160927283667692,-0.7719635267853766,-0.9242449996668477,0.3861639345625441,-0.4136618713378479,28.7
1.3423500394167407,-0.4915136794045634,1.0222563953903143,-0.2817180849095055,1.1968005151838175,0.060721844367104295,1.1040146834734468,-1.0500613721148508,1.686963896247325,1.5521649145619538,0.7867394152388026,0.4343609535689915,1.0302096196943114,7.2
-0.41442329957411567,1.4107188572454756,-1.1094524270940676,-0.2817180849095055,-1.0273765210820769,0.9158398461315901,-1.7153980042876915,1.279776618484762,-0.5160927283667692,-0.04492847590236557,-1.4645558675317893,0.20951952024279807,-1.0371209629500409,37.0
-0.38229210904427197,-0.4915136794045634,-0.17010461036493343,-0.2817180849095055,-0.09774002545531586,-0.46106890999905364,0.2671698984437077,-0.324186494965321,-0.632043077030669,-0.6051030233040298,-0.023726886558610848,0.426640071883493,-0.37562950845082943,20.3
-0.34413383643181655,0.3539230035510095,-1.0323851913562283,-0.2817180849095055,0.7971437039797902,0.7625374412099963,1.1040146834734468,-0.8427092579016313,-0.5160927283667692,-0.8434751711345252,-2.4551257919508496,0.3762203748160687,-0.7926272015334944,30.1
-0.409214648790173,-0.4915136794045634,-0.36495384789079094,-0.2817180849095055,-0.3062566226052437,-0.6312486439028419,0.9854916023318957,-0.7970215039224473,-0.5160927283667692,-0.12835872764303896,1.1019207548266852,0.40102078265433777,0.5072646299978095,19.5
-0.41949906394082376,0.3961948376987881,-0.7895506938426597,-0.2817180849095055,-1.0100001379862495,-0.4245013638709673,-1.7189896128071325,1.4388288929923372,-0.632043077030669,-0.9686205487455354,-0.7441413770451993,0.4343609535689915,-0.5848075043294302,23.4
0.586703226139017,-0.4915136794045634,1.0222563953903143,-0.2817180849095055,1.257617856019213,-1.2796193656354544,1.0645069897595965,-0.9769229717739534,1.686963896247325,1.5521649145619538,0.7867394152388026,0.4343609535689915,1.1021994494447391,11.5
-0.4222934044901492,-0.4915136794045634,-0.5816145672292445,-0.2817180849095055,-0.7493543915488403,0.17042448275136446,0.34618528587140845,0.5613580587725837,-0.8639437743584684,-0.9745798524412977,-0.29388232049108093,0.4343609535689915,-0.48836829843734797,21.6
0.2500659153389464,-0.4915136794045634,1.0222563953903143,-0.2817180849095055,1.3705643461420907,0.49953239790414367,1.03936573012351,-0.6790977064896887,1.686963896247325,1.5521649145619538,0.7867394152388026,-0.05240554178495821,0.6784102629893921,15.2
-0.40416123914785956,-0.4915136794045634,-0.20064068490256795,-0.2817180849095055,0.2584758280091432,-0.8337765916891677,-0.5481252354693859,-0.6665122025349239,-0.40014237970286953,-0.08664360177270226,0.3364803586846842,0.4343609535689915,-0.09853657884541048,21.8
-0.3983912363957857,-0.4915136794045634,-0.604880147829347,-0.2817180849095055,-0.9318064140550267,-0.9814532202833628,-0.26079655391411066,1.0935586524219967,-0.7479934256945686,-1.0282135857031591,-0.24885641483567006,0.4343609535689915,0.47059056578532765,19.4
1.0413188368607418,-0.4915136794045634,1.0222563953903143,-0.2817180849095055,1.414005303881659,0.737221447736706,0.25998668140482567,-0.9456254355241798,1.686963896247325,1.5521649145619538,0.7867394152388026,-3.6419136272068786,1.3589178989321122,8.4
-0.42057705842829685,0.5652821742899027,-0.9029703992681588,-0.2817180849095055,-1.1229466281091272,0.6007963717973066,-1.2844049819547787,0.767285398953188,-0.632043077030669,-0.7421670083065647,0.24642854737386083,0.4343609535689915,-1.0113132881338498,28.0
-0.40874271571962023,-0.4915136794045634,-0.06977179402699193,-0.2817180849095055,-0.5755905605905671,-0.5749908806288624,-1.686665136132164,0.07612751573170762,-0.632043077030669,-0.7660042230896142,0.06632492475221412,0.4343609535689915,-0.2533826277425565,22.6
-0.22538429851854883,-0.4915136794045634,-0.4260259969660597,-0.2817180849095055,-0.14986917474279782,-0.2866698438497181,0.9926748193707777,-0.012018504419399898,-0.632043077030669,-0.5872251122167427,1.1469466604820977,-1.3038902731708175,1.032926217043384,13.5
0.6289772518983455,-0.4915136794045634,1.0222563953903143,-0.2817180849095055,0.24978763646122956,0.06775406477635157,0.6047810992711558,-0.8227624214450228,1.686963896247325,1.5521649145619538,0.7867394152388026,-3.2324729317637577,0.6661855749185648,14.5
-0.3231936693197381,0.3539230035510095,-1.0323851913562283,-0.2817180849095055,0.7971437039797902,1.4446628209069965,0.9064762149041949,-0.8103668873612733,-0.5160927283667692,-0.8434751711345252,-2.4551257919508496,0.39365085013636164,-0.20176727811017442,31.0
4.251655968587114,-0.4915136794045634,1.0222563953903143,-0.2817180849095055,1.0751658335130272,-0.13758677117367296,0.3390020688325265,-0.9129031252417913,1.686963896247325,1.5521649145619538,0.7867394152388026,-3.9885344216634406,0.24239638846321784,10.9
0.03344987788436986,-0.4915136794045634,1.0222563953903143,-0.2817180849095055,1.414005303881659,-1.8801709885851834,0.795136350801526,-0.9654297945775266,1.686963896247325,1.5521649145619538,0.7867394152388026,-0.5116810190162995,0.17176485738732677,21.9
-0.4208018476013759,-0.4915136794045634,-1.1138147234565867,-0.2817180849095055,-0.5755905605905671,0.1479213774417727,0.16660485989936144,-0.32912571161171933,-0.8639437743584684,-0.8077193489599509,-0.29388232049108093,0.3951716298622932,-0.6160483738437668,22.0
-0.41885822850817844,-0.4915136794045634,-0.8549851392804476,-0.2817180849095055,-0.349697580344812,-0.4427851369350105,-0.8570035681413068,0.4877922262219016,-0.5160927283667692,-1.0818473189650206,0.7867394152388026,0.4343609535689915,-0.40687037796516595,19.0
-0.13028357515650568,-0.4915136794045634,1.0222563953903143,-0.2817180849095055,0.2410994449133159,-0.6031197622658515,-0.9827098663217397,-0.029020807875270668,1.686963896247325,1.5521649145619538,0.7867394152388026,0.1282162964333785,0.08211714486792647,20.6
-0.419028372799404,0.3961948376987881,-0.7895506938426597,-0.2817180849095055,-1.0100001379862495,0.2970044501178178,-1.7297644383654551,1.4388288929923372,-0.632043077030669,-0.9686205487455354,-0.7441413770451993,0.4343609535689915,-1.012671586808386,25.0
-0.42181898756133035,-0.4915136794045634,-0.9713130422809596,-0.2817180849095055,-0.9839355633425086,-0.40199825856137555,-0.7456637040386376,2.0082160888929987,-0.7479934256945686,-0.3190564459074353,0.15637673606303748,0.3026380326921476,-0.299564782676793,17.5
-0.357370317131688,0.3539230035510095,-1.0323851913562283,-0.2817180849095055,0.7971437039797902,1.2744830870032096,0.8023195678404075,-0.8809881869112179,-0.5160927283667692,-0.8434751711345252,-2.4551257919508496,0.3289592202563482,-0.6296313605891304,36.5
-0.41250576099271186,0.776641345028796,-0.8927917077556141,-0.2817180849095055,-1.1055702450132998,-0.28807628793156803,-0.14945668981144172,1.2115299423225092,-0.40014237970286953,-0.6289402380870793,-0.8341931883560227,0.40768881683726854,-0.04556293053849205,20.1
-0.3474733838705437,-0.4915136794045634,-0.4260259969660597,-0.2817180849095055,-0.14986917474279782,-0.4934171238815926,-0.26797977095299264,0.438067612483642,-0.632043077030669,-0.5872251122167427,1.1469466604820977,0.4343609535689915,-0.6078985817965484,20.4
-0.39419475785526537,-0.4915136794045634,-0.17010461036493343,-0.2817180849095055,-0.09774002545531586,-0.8365894798528664,0.30308598363811706,0.07593754586069232,-0.632043077030669,-0.6051030233040298,-0.023726886558610848,0.42874576688862914,-0.16780981124676522,16.2
-0.418655794059494,-0.4915136794045634,-1.1138147234565867,-0.2817180849095055,-0.5755905605905671,0.9946007147151612,0.6119643163100378,-0.17259053789509732,-0.8639437743584684,-0.8077193489599509,-0.29388232049108093,0.4343609535689915,-0.982789015968586,23.6
2.380714568254751,-0.4915136794045634,1.0222563953903143,-0.2817180849095055,1.257617856019213,-1.8281325575567526,0.7268957889321479,-1.076514676653734,1.686963896247325,1.5521649145619538,0.7867394152388026,0.4343609535689915,2.6153441728782525,7.4
-0.39812918934871566,0.3539230035510095,-0.597609653891815,3.5496478698597693,-0.7927953492884081,1.9566084667002086,-0.6271406228970867,0.2761182974430838,-0.7479934256945686,-1.087806622660783,0.06632492475221412,0.36265034033852495,-0.8360927591186582,35.2
-0.17603376055919512,-0.4915136794045634,1.237463015941261,-0.2817180849095055,0.4322396589674164,2.2913421581803863,0.967533559734691,-0.8259919092522833,-0.5160927283667692,-0.015131957423553635,-1.6896853958088487,0.1114877194481309,-1.227282777385132,50.0
-0.41746726787918087,-0.4915136794045634,-1.1385344028441955,-0.2817180849095055,-0.8275481154800628,-0.6073390945114001,-1.5609588379517312,0.6789019164633114,-0.632043077030669,0.1457692423620308,-0.6991154713897885,0.2652034548230624,-0.37562950845082943,19.3
-0.418139151540152,-0.4915136794045634,0.12507744349886557,-0.2817180849095055,0.1542175294341793,0.9510009481778277,0.7807699167237621,-0.7682410684636267,-0.979894123022368,-0.7898414378726638,1.1469466604820977,0.4343609535689915,-0.9637728345250769,23.9
-0.304451716773129,-0.4915136794045634,1.5733598358552396,-0.2817180849095055,0.597315298377776,-0.7634543875966937,1.0465489471623919,-0.683467013523041,-0.632043077030669,0.18748436823236747,1.236998471792921,-1.1348497574807292,0.6213617186588644,15.6
-0.4163669186673132,0.903456847472132,-1.292668874319874,-0.2817180849095055,-0.7232898169050994,1.5754621205189985,0.09477268951054264,-0.3257537464011973,-0.28419203103896984,-1.0937659263565453,-0.023726886558610848,0.4343609535689915,-0.8510340445385584,33.4
-0.4125529542997672,-0.4915136794045634,2.424007626546483,-0.2817180849095055,0.4669924251590711,-0.4455980250987104,1.0609153812401553,-0.9104335169185921,-0.632043077030669,1.820333580871261,0.7417135095833917,0.3549294586530265,0.7245924179236286,13.6
-0.3666351084641182,-0.4915136794045634,-0.17010461036493343,-0.2817180849095055,-0.09774002545531586,-0.26276029445827637,-0.37572802653622084,0.10296076001262137,-0.632043077030669,-0.6051030233040298,-0.023726886558610848,0.4265230888276522,-0.0007390742787918989,21.0
-0.40984182300235494,0.776641345028796,-0.8927917077556141,-0.2817180849095055,-1.1055702450132998,0.13104404845957823,-2.2074483714511004,1.5436922617927924,-0.40014237970286953,-0.6289402380870793,-0.8341931883560227,0.17477555265805292,-1.0248962748792134,23.7
-0.4239960893315382,2.678873881678835,-1.0280228949937091,-0.2817180849095055,-1.2619576928757459,-0.579210212874411,-0.777988180713606,1.678665855149176,-0.7479934256945686,0.3781820864967638,1.19197256613751,0.4343609535689915,0.2804287513502363,18.9
0.098705802250484,-0.4915136794045634,1.0222563953903143,3.5496478698597693,1.8657912643731693,-0.6987579598316171,0.7089377463349432,-0.8930512737206905,1.686963896247325,1.5521649145619538,0.7867394152388026,-0.07872672934915884,0.2586959725576544,16.8
-0.4146654757550572,0.3961948376987881,-0.7895506938426597,-0.2817180849095055,-1.0100001379862495,-0.47372690673569945,-0.8462287425829839,1.4388288929923372,-0.632043077030669,-0.9686205487455354,-0.7441413770451993,0.4186852240863123,0.09705843028782644,19.7
-0.4036057242466537,-0.4915136794045634,-0.20064068490256795,-0.2817180849095055,0.2584758280091432,-0.3837144854973324,0.3749181540269359,-0.6111834776017124,-0.40014237970286953,-0.08664360177270226,0.3364803586846842,0.4343609535689915,0.21658871364702692,16.8
-0.4151945375657295,-0.4915136794045634,-1.0207524010561773,-0.2817180849095055,-0.3931385380843803,-0.6199970912480459,-0.020158783111567553,-0.5144413207871619,-0.5160927283667692,-0.6527774528701289,-0.8341931883560227,0.3914281720753847,-0.4204533647105296,22.6
0.8996768192382666,-0.4915136794045634,1.0222563953903143,-0.2817180849095055,1.6051455179357594,0.22386935786164397,0.9172510404625177,-0.8535375405495044,1.686963896247325,1.5521649145619538,0.7867394152388026,-3.704967494305119,1.527346934574622,11.8
-0.41529016610897307,1.4107188572454756,-1.1094524270940676,-0.2817180849095055,-1.0273765210820769,1.2449477612843693,-1.090458121904968,0.3711982178862503,-0.5160927283667692,-0.04492847590236557,-1.4645558675317893,0.4343609535689915,-0.9977303013884861,34.9
-0.39655442320802914,-0.4915136794045634,0.20796107438673037,-0.2817180849095055,0.04995923085921635,0.9566267245052262,0.242028638807621,-0.5371902128412462,-0.7479934256945686,-0.5097541641718316,2.0474647735903346,-0.1961777174134143,1.6658933993773315,32.0
0.2972604643233539,-0.4915136794045634,1.0222563953903143,-0.2817180849095055,1.3705643461420907,0.29981733828151647,0.741262223009912,-0.46709133043659384,1.686963896247325,1.5521649145619538,0.7867394152388026,0.39833017236999707,-0.33216395086566586,20.2
-0.4159049210298247,1.4107188572454756,-1.1094524270940676,-0.2817180849095055,-1.0273765210820769,0.6781507962990279,-1.0114427344772672,0.0016593262937031734,-0.5160927283667692,-0.04492847590236557,-1.4645558675317893,0.39891508764920164,-0.8225097723732946,32.0
-0.12147084602849967,-0.4915136794045634,1.237463015941261,-0.2817180849095055,0.4322396589674164,0.1437020451962241,0.9316174745402817,-0.7231232240974885,-0.5160927283667692,-0.015131957423553635,-1.6896853958088487,-0.3477877577832097,-0.1922591873884198,22.3
-0.40650351749276076,0.5652821742899027,-0.8637097320054861,-0.2817180849095055,-0.8883654563154584,-0.2177540838390941,-1.438844148290739,1.9138010629983857,-0.16824168237507017,-0.7242890972192775,0.5616098869617434,0.3615974928359572,-0.7980603962316399,23.3
-0.3941562580521414,-0.4915136794045634,-0.604880147829347,-0.2817180849095055,-0.9318064140550267,-1.2669613688988086,0.9352090830597224,0.9901675501219099,-0.7479934256945686,-1.0282135857031591,-0.24885641483567006,0.4343609535689915,2.455064929282961,14.4
-0.42189847102584455,1.833437198723262,-1.06001306831885,-0.2817180849095055,-0.6190315183301355,0.8075436518291799,-1.4783518420045894,1.2729377031282105,-0.5160927283667692,-0.21178897938371236,-0.3839341318019043,0.3298950847030758,-1.1036775980023226,31.2
-0.38464556475137057,-0.4915136794045634,-0.7081211617423012,-0.2817180849095055,-0.4192031127281213,-0.3007342846682126,-0.27875459651131534,-0.06326287712578185,-0.16824168237507017,-0.5872251122167427,-0.47398594311272924,0.19864009604959507,-0.2520243290680199,24.0
-0.4154752135497951,0.43846667184656674,-0.7575605205175189,-0.2817180849095055,-1.079505670369559,0.9242785106226873,-2.24336445664551,2.43237131840245,-0.28419203103896984,-0.4501611272142078,0.2914544530292733,0.3079022702049876,-1.2503738548522505,29.6
-0.31986778310147423,-0.4915136794045634,-0.4260259969660597,-0.2817180849095055,-0.14986917474279782,-0.4709140185720008,0.7161209633738252,0.10789997665901951,-0.632043077030669,-0.5872251122167427,1.1469466604820977,0.38323935816652177,0.14867377992020853,19.6
-0.39223002596680634,-0.4915136794045634,-0.17010461036493343,-0.2817180849095055,-0.09774002545531586,-0.04757434993530591,0.48625801812960484,-0.24805606915593237,-0.632043077030669,-0.6051030233040298,-0.023726886558610848,0.39329990096883866,-0.6567973340798576,21.6
0.4189720032189066,-0.4915136794045634,1.0222563953903143,-0.2817180849095055,1.3705643461420907,-0.3077665050774599,0.5437237544406602,-0.5070324958175646,1.686963896247325,1.5521649145619538,0.7867394152388026,0.4343609535689915,0.2668457646048724,20.0
-0.26753040557717495,-0.4915136794045634,1.237463015941261,3.5496478698597693,0.4322396589674164,-0.07007745524489767,0.8382356530348168,-0.9435357669430113,-0.5160927283667692,-0.015131957423553635,-1.6896853958088487,-0.24390680419649793,-0.982789015968586,27.0
-0.41268335685873564,1.1993596865065825,-0.6775850872046669,3.5496478698597693,-0.9404946056029404,1.360276175996028,-0.7277056614414329,0.47591910928344444,-0.632043077030669,-0.903068208092149,-0.3839341318019043,0.34486891585070967,-0.9080825888690858,33.2
0.8120885252019434,-0.4915136794045634,1.0222563953903143,-0.2817180849095055,1.6051455179357594,0.2604369039897315,1.1040146834734468,-0.8580493249861182,1.686963896247325,1.5521649145619538,0.7867394152388026,0.31538918577880515,0.8305397145374654,15.4
-0.417102140714069,1.4107188572454756,-1.1094524270940676,-0.2817180849095055,-1.0273765210820769,0.6176737007794998,-1.3813784119796841,1.279776618484762,-0.5160927283667692,-0.04492847590236557,-1.4645558675317893,0.3502501364193904,-1.092811208606032,30.5
1.662221306920859,-0.4915136794045634,1.0222563953903143,-0.2817180849095055,1.257617856019213,-1.4385475468844453,1.0357741216040686,-1.1203502243905186,1.686963896247325,1.5521649145619538,0.7867394152388026,0.4343609535689915,2.455064929282961,7.2
-0.4154205686679416,-0.4915136794045634,0.4144431022126391,-0.2817180849095055,-1.0273765210820769,-0.2430700773123845,-1.8267378683903608,0.8157277160620943,-0.632043077030669,-0.6944925787404655,-1.1043486222884944,0.4343609535689915,-0.5644330242113846,23.9
3.1331621720857803,-0.4915136794045634,1.0222563953903143,-0.2817180849095055,0.36273412658410714,-1.6101337248700822,1.1040146834734468,-1.042795024548515,1.686963896247325,1.5521649145619538,0.7867394152388026,-1.740705003680707,0.9976104515054383,16.3
-0.42252688716715947,1.833437198723262,-1.06001306831885,-0.2817180849095055,-0.6190315183301355,0.5571966052599718,-0.46192663100280335,0.924675437089379,-0.5160927283667692,-0.21178897938371236,-0.3839341318019043,0.4343609535689915,-0.7545948386464763,23.9
-0.3497361787509309,0.3539230035510095,-1.0323851913562283,-0.2817180849095055,0.7971437039797902,3.381336321613737,0.6335139674266836,-0.9423009627814117,-0.5160927283667692,-0.8434751711345252,-2.4551257919508496,0.35013315336354967,-1.034404365600968,50.0
-0.36446049055217644,-0.4915136794045634,-0.17010461036493343,-0.2817180849095055,-0.09774002545531586,0.4714035162671534,0.47548319257128213,-0.22207768929458765,-0.632043077030669,-0.6051030233040298,-0.023726886558610848,0.4343609535689915,-1.1131856887240772,22.8
-0.08614541376849379,-0.4915136794045634,1.237463015941261,-0.2817180849095055,2.743298610712448,-0.9884854406926101,0.9208426489819589,-1.0730477265077043,-0.5160927283667692,-0.015131957423553635,-1.6896853958088487,-0.09264771299422492,1.1836973699169209,15.4
-0.3834520708545253,-0.4915136794045634,1.5733598358552396,-0.2817180849095055,0.597315298377776,0.22246291377979524,1.0645069897595965,-0.7915123776630031,-0.632043077030669,0.18748436823236747,1.236998471792921,0.41260210518258617,-0.018396957047764787,19.2
-0.2398527729183895,-0.4915136794045634,1.237463015941261,-0.2817180849095055,2.743298610712448,-1.2599291484895612,1.1040146834734468,-1.0417501902579307,-0.5160927283667692,-0.015131957423553635,-1.6896853958088487,-0.21255534523113886,0.0739673528207082,19.6
0.10353939043625054,-0.4915136794045634,1.0222563953903143,-0.2817180849095055,1.8657912643731693,-0.26416673854012634,0.43238389033799074,-0.606006798616545,1.686963896247325,1.5521649145619538,0.7867394152388026,0.3622993911710026,-0.008888866326010174,22.6
-0.41716547909985374,-0.4915136794045634,-1.1894278604069195,-0.2817180849095055,-0.9578709886987677,1.5698363441916012,-0.24283851131690595,-0.13768357409603257,-0.8639437743584684,-0.7719635267853766,-0.20383050918025758,0.4343609535689915,-0.8890664074255765,33.2
0.6010487495546876,-0.4915136794045634,1.0222563953903143,3.5496478698597693,0.9795957264859769,-0.5974939859384542,0.7304873974515886,-1.2611653912806229,1.686963896247325,1.5521649145619538,0.7867394152388026,-0.13908998616305923,-0.5236840639752935,50.0
-0.41680407772214095,-0.4915136794045634,-0.9567720544058955,-0.2817180849095055,-0.9231182225071131,-0.2515087418034805,-0.4475601969250397,-0.01781258548536709,-0.7479934256945686,-0.9447833339624858,0.02129901909680163,0.4138889187968355,-0.5834492056548939,22.2
0.5370869153451941,-0.4915136794045634,1.0222563953903143,-0.2817180849095055,1.3705643461420907,0.0016511929294262297,0.5185824948045735,-0.4758774369710523,1.686963896247325,1.5521649145619538,0.7867394152388026,-1.0243007697110866,0.4746654618089369,14.9
-0.4200417869719594,-0.4915136794045634,-1.1385344028441955,-0.2817180849095055,-0.8275481154800628,-0.2191605279209428,-1.3310958927075107,0.9918772789610477,-0.632043077030669,0.1457692423620308,-0.6991154713897885,0.1029479563717456,-0.4951597918100299,19.8
-0.3897250549054777,-0.4915136794045634,-0.06977179402699193,-0.2817180849095055,-0.5755905605905671,-1.2486775958347653,-2.1356162010622817,-0.09384802635924805,-0.632043077030669,-0.7660042230896142,0.06632492475221412,-0.12680676529976548,2.283919296291379,23.7
0.0431406509094305,-0.4915136794045634,1.0222563953903143,-0.2817180849095055,0.8666492363630994,-0.48919779163604393,0.5544985799989829,-0.433894095476667,1.686963896247325,1.5521649145619538,0.7867394152388026,-3.951216826850196,0.5996289398662825,19.0
-0.4167866907142785,-0.4915136794045634,2.1201009799576456,-0.2817180849095055,0.22372306181748858,-0.41606269937987134,0.5329489288823369,-0.7540408206052316,-0.8639437743584684,-1.2963822520124666,0.2914544530292733,0.20940253718695728,0.20843892159980865,20.3
-0.34442320591981335,-0.4915136794045634,0.2515840380119225,-0.2817180849095055,0.04995923085921635,0.6472090264983389,-0.08121612794206363,-0.37904029522099403,-0.7479934256945686,-0.360771571777772,2.0474647735903346,-0.453540440263376,4.382490748450068,24.0
-0.27022166600845865,-0.4915136794045634,-0.4260259969660597,-0.2817180849095055,-0.14986917474279782,-1.0264594309025463,1.0357741216040686,0.0060761257948091455,-0.632043077030669,-0.5872251122167427,1.1469466604820977,0.19653440104445893,1.125290526911857,13.6
-0.41006288638803495,1.4107188572454756,-1.1094524270940676,-0.2817180849095055,-1.0273765210820769,0.3602944338010445,-1.44243575681018,0.3711982178862503,-0.5160927283667692,-0.04492847590236557,-1.4645558675317893,0.2698827770566978,-1.1104690913750046,29.8
-0.40596824603642334,-0.4915136794045634,-0.03778162070185106,-0.2817180849095055,-1.2358931182320048,-0.47653979489939813,-1.8590623450653292,0.7134289405203456,-0.632043077030669,-0.5991437196082674,0.3364803586846842,0.200862774110572,-0.3878541965216567,21.7
-0.4044232861949297,-0.4915136794045634,-0.36495384789079094,-0.2817180849095055,-0.3062566226052437,-0.6523453051305836,0.8130943933987307,-0.7475818449907109,-0.5160927283667692,-0.12835872764303896,1.1019207548266852,0.4199720377005623,0.8047320397212743,19.5
-0.38853156100863245,0.3539230035510095,-0.597609653891815,-0.2817180849095055,-0.7927953492884081,-0.6242164234935945,-0.9755266492828577,0.3058010897892272,-0.7479934256945686,-1.087806622660783,0.06632492475221412,0.33784993250025586,0.03593498993368998,21.1
-0.42382097732378043,2.890233052417728,-1.3173885537074828,-0.2817180849095055,-1.0447529041779042,0.4714035162671534,-1.4208861056935342,2.165131202351651,-0.632043077030669,-0.748126312002327,-0.6540895657343759,0.3646390522878203,-0.916232380916304,24.5
0.9603574766782852,-0.4915136794045634,1.0222563953903143,-0.2817180849095055,1.6051455179357594,0.4629648517760561,0.9100678234236357,-0.7885678446622658,1.686963896247325,1.5521649145619538,0.7867394152388026,-2.923637664343804,1.4309077286825398,13.4
-0.3972747421051886,-0.4915136794045634,-0.36495384789079094,-0.2817180849095055,-0.3062566226052437,0.1479213774417727,0.5796398396350696,-0.5083622849146717,-0.5160927283667692,-0.12835872764303896,1.1019207548266852,-3.3804564974024855,-0.28598179593142914,18.6
