CRIM,ZN,INDUS,CHAS,NOX,RM,AGE,DIS,RAD,TAX,PTRATIO,B,LSTAT,MEDV,TAX_PER_RM
-0.5256195526578186,-0.6763169653392743,-0.0697717940269919,3.5496478698597693,-0.5755905605905671,-0.3316760544689016,-0.3649532009778979,0.2156603859924588,-0.632043077030669,-0.7660042230896142,0.0663249247522141,0.22482322193248377,0.23223218024194178,3.2347491740244907,-1.1461570817740072
-0.5502424901846782,1.5094652041369507,-1.219963934944554,-0.2817180849095055,-1.208959724433472,2.4390187867745827,-1.3418707182658338,0.6330241926131124,-0.632043077030669,-1.0818473189650206,-1.6896853958088487,0.30754110485571096,,3.9318256327243257,-0.31458022943214947
-0.5469579542086382,0.665636550415435,-0.7241162484048717,-0.2817180849095055,-1.0621292872737316,0.4081135325839267,-1.036583994113354,0.810503544609173,-0.2841920310389698,-0.4561204309099702,-1.059322716633082,0.35129603501407486,-0.5788717045900629,3.1354942159291497,-0.32392305048938547
0.36392381217660985,-0.6763169653392743,1.0222563953903143,-0.2817180849095055,1.257617856019213,-0.8253379271980704,0.9962664278902184,-0.8826979157503557,1.686963896247325,1.5521649145619538,0.7867394152388026,0.3403690191327837,0.46636937406328477,2.7788192719904172,8.886674076759304
0.6522448434158139,-0.6763169653392743,1.0222563953903143,-0.2817180849095055,1.0751658335130272,0.6781507962990279,0.77358669968488,-0.9335148562469532,1.686963896247325,1.5521649145619538,0.7867394152388026,,1.0200015255683568,2.1400661634962708,0.9249257682832069
-0.5196461436524502,0.36357773505602514,-0.7575605205175189,-0.2817180849095055,-1.079505670369559,0.1873018117335576,-0.7241140529219919,1.919357681725584,-0.2841920310389698,-0.4501611272142078,0.2914544530292733,0.16107711033524363,-0.5740369350229748,3.2386784521643803,-0.37914633226823413
-0.4935710020908021,-0.6763169653392743,1.5733598358552396,-0.2817180849095055,0.597315298377776,-0.1769672054654579,0.8741517382292263,-1.0321092193039032,-0.632043077030669,0.1874843682323674,1.236998471792921,0.28606719297351685,0.9367975467470646,2.70805020110221,0.227796959583363
-0.5437740141842874,0.6871293676748361,-0.7284785447673909,-0.2817180849095055,-1.0195571486889543,-0.8351830357710164,-1.4675770164462667,1.3561919991006737,-0.979894123022368,-0.6051030233040298,-0.6991154713897885,0.33695057468989753,-0.04237323302180903,2.89591193827178,-3.671363722385686
-0.530097820414812,0.3030063069580963,-0.597609653891815,-0.2817180849095055,-0.7927953492884081,0.3349784403277541,-0.3793196350556616,0.0628771172283892,-0.7479934256945686,-1.087806622660783,0.0663249247522141,0.34477073771392047,-1.139085630059231,3.2347491740244907,-0.8148495809368372
0.5777302295540014,-0.6763169653392743,1.0222563953903143,-0.2817180849095055,1.6051455179357594,0.1493278215236214,1.0034496449291004,-0.816873355443548,1.686963896247325,1.5521649145619538,0.7867394152388026,0.2672610942325461,0.6531299276334019,2.89591193827178,1.3504979915167339
-0.5453197229482525,1.3584690664830146,-1.3319295415825467,-0.2817180849095055,-1.2358931182320048,-0.8956601312905444,-1.701031570209928,3.2297698519892464,-0.632043077030669,-0.4263239124311582,1.597205717036216,0.23855604219189866,-1.0117637733347027,2.954910279033736,-4.085915745382988
-0.5434211056365666,-0.6763169653392743,-0.9567720544058956,-0.2817180849095055,-0.9231182225071132,-0.4005918144795268,-0.8677783936996295,0.3049462253696581,-0.7479934256945686,-0.9447833339624858,0.0212990190968016,0.35327000053385105,0.016777279553220788,3.1570004211501135,-1.5761935802430183
-0.5415858516129374,-0.6763169653392743,-1.2519541082696948,-0.2817180849095055,-0.5842787521384808,-0.2065025311842982,-0.0165671745921268,-0.2400298421055351,-0.7479934256945686,-1.2665857335336546,-0.2938823204910809,0.27750638169680253,0.054781201111851946,3.4210000089583352,-1.5962063942359375
-0.5342168836749016,-0.6763169653392743,0.2559463343744416,-0.2817180849095055,-1.0273765210820769,-0.0194454682983168,-0.8713700022190706,0.3407555460560457,-0.5160927283667692,-0.0449284759023655,0.1113508304076249,0.2425108809287604,-0.7247085868469282,3.109060958860994,-0.04581945669497371
0.5498088583100287,-0.6763169653392743,1.0222563953903143,-0.2817180849095055,1.3705643461420909,-0.1614963205651146,1.0573237727207143,-0.7235506563072731,1.686963896247325,1.5521649145619538,0.7867394152388026,0.3607194215000381,0.5497052460452663,2.714694743820879,1.8511128247022657
-0.42735452447976485,-0.6763169653392743,-0.4260259969660597,-0.2817180849095055,-0.1498691747427978,-0.6551581932942835,-0.4583350224833624,0.3388558473458922,-0.632043077030669,-0.5872251122167427,1.1469466604820977,0.35022517451676366,-0.866011937291855,3.039749158970765,-1.7028825994925636
-0.5317894885874391,1.3584690664830146,-1.3319295415825467,-0.2817180849095055,-1.2358931182320048,-0.5117008969456357,-1.7872301746765102,3.2297698519892464,-0.632043077030669,-0.4263239124311582,1.597205717036216,0.1742341912725413,-3.622377558414413,3.0726933146901194,-0.8730794502067595
-0.5375320473022777,1.1134340251858619,-1.3639197149076876,-0.2817180849095055,-1.253269501327832,0.3926426476835822,-1.198206377488196,3.2889454668105182,-0.632043077030669,0.0325424721425454,-0.0687527922140217,0.12115619500785987,-4.144416369862479,3.2228678461377385,0.023367424656048068
0.8035731616468491,-0.6763169653392743,1.0222563953903143,-0.2817180849095055,1.1968005151838177,-0.580616656956261,0.913659431943077,-0.9512770391868856,1.686963896247325,1.5521649145619538,0.7867394152388026,0.3607194215000381,0.3994235921163678,2.617395832834079,3.701064766418424
-0.4087894724044259,-0.6763169653392743,-0.4260259969660597,-0.2817180849095055,-0.1498691747427978,-0.8056477100521774,0.0085740850439598,0.0054112312462556,-0.632043077030669,-0.5872251122167427,1.1469466604820977,0.3109756839770855,-0.22026318117420512,2.954910279033736,-3.0214468395221576
-0.5401418102841178,-0.6763169653392743,-1.1385344028441955,-0.2817180849095055,-0.8275481154800628,0.0466574035486097,-1.869837170623652,0.6789019164633114,-0.632043077030669,0.1457692423620308,-0.6991154713897885,0.1660437097871876,-1.3199901242284007,3.1612467120315646,0.13927120934492185
0.24532599964918875,-0.6763169653392743,1.0222563953903143,-0.2817180849095055,1.6051455179357594,-0.1136772217822312,1.1040146834734468,-0.8455113134991072,1.686963896247325,1.5521649145619538,0.7867394152388026,0.35080193419829775,0.42105246761494425,2.9652730660692823,1.7512411422879939
-0.5501434525139103,1.4113752454344106,-1.5020590997207954,-0.2817180849095055,-1.261957692875746,0.1169796076410837,-1.2053895945270778,2.565777660322957,-0.8639437743584684,-0.5514692900421684,-0.5190118487681401,0.3607194215000381,-2.920902237621581,3.246490991901174,-0.4937147341541894
-0.5140362437116333,0.36357773505602514,-0.7575605205175189,-0.2817180849095055,-1.079505670369559,-0.9772338880378142,0.0337153446800465,1.980338010321501,-0.2841920310389698,-0.4501611272142078,0.2914544530292733,0.2952521860870388,0.575245050066736,2.970414465569701,-19.77329848688784
-0.5411248969485601,-0.6763169653392743,0.1250774434988655,-0.2817180849095055,0.1542175294341793,0.4123328648294753,-0.005792349033804,-0.6204920012814631,-0.979894123022368,-0.7898414378726638,1.1469466604820977,0.31985077164000125,-0.5385025690574586,3.152736022363656,-0.5592459522408898
0.5916187146818614,-0.6763169653392743,1.0222563953903143,-0.2817180849095055,1.6051455179357594,-0.0686710111630477,0.9818999938124544,-0.7537558657987087,1.686963896247325,1.5521649145619538,0.7867394152388026,0.28992641660696594,0.4075893396460867,2.6100697927420065,1.6666129081843617
-0.5474538121645984,-0.6763169653392743,-0.8549851392804476,-0.2817180849095055,-0.349697580344812,-0.3387082748781488,-1.147923858216023,0.4877922262219016,-0.5160927283667692,-1.0818473189650206,0.7867394152388026,0.3545017531969376,-0.8531777144088759,3.0726933146901194,-1.6359607686995885
0.3181774966202169,-0.6763169653392743,1.0222563953903143,-0.2817180849095055,0.2497876364612295,0.1760502590787617,0.1989293365743296,-0.7526160465726167,1.686963896247325,1.5521649145619538,0.7867394152388026,,-0.1007268029019043,2.8390784635086144,1.3198117194224463
-0.5175455139002231,-0.6763169653392743,-0.0697717940269919,3.5496478698597693,-0.5755905605905671,-0.477946238981248,0.8202776104376122,0.0436901602558421,-0.632043077030669,-0.7660042230896142,0.0663249247522141,0.33049881563209726,0.4799097288983912,3.122364924487357,-1.4672899235412262
-0.3875701840336452,-0.6763169653392743,-0.4260259969660597,-0.2817180849095055,-0.1498691747427978,-0.9856725525289116,0.5904146651933924,0.3179591615342075,-0.632043077030669,-0.5872251122167427,1.1469466604820977,-1.0764496613981744,0.4138946955575848,2.7013612129514133,-40.98602444027206
-0.5224755042892558,-0.6763169653392743,2.424007626546483,-0.2817180849095055,0.4669924251590711,-1.1896069443970874,0.8418272615542581,-0.9328499616983996,-0.632043077030669,1.820333580871261,0.7417135095833917,0.34584745195868694,0.5442028271596092,2.785011242238338,-9.600563875229161
-0.5244375398432809,-0.6763169653392743,-0.604880147829347,-0.2817180849095055,-0.9318064140550268,-0.1839994258747064,-2.2505476736843915,0.9193562807009504,-0.7479934256945686,-1.0282135857031591,-0.24885641483567,0.2437951350203994,-2.8248383821436462,3.269568939183719,-1.2600647821912943
-0.5109780310108992,0.36357773505602514,-0.7575605205175189,-0.2817180849095055,-1.079505670369559,-0.9941112170200088,0.2599866814048256,1.980338010321501,-0.2841920310389698,-0.4501611272142078,0.2914544530292733,0.13872254522502225,-0.03250247269822536,2.9231615807191558,-76.4438303710221
-0.10355899914109419,-0.6763169653392743,-0.1701046103649334,-0.2817180849095055,-0.0977400254553158,-1.866106547766689,-1.1299658156188184,-0.6011150744379007,-0.632043077030669,-0.6051030233040298,-0.0237268865586108,-0.11543929278216306,-0.013048525277971052,2.8390784635086144,0.6986473256256134
-0.5471940463803551,-0.6763169653392743,-0.8549851392804476,-0.2817180849095055,-0.349697580344812,-0.6059326504295514,-0.8246790914663384,0.6867381736426932,-0.5160927283667692,-1.0818473189650206,0.7867394152388026,0.3607194215000381,-0.5086955372085952,3.0204248861443626,-2.7453360958330686
-0.47413854702264835,-0.6763169653392743,2.1201009799576456,-0.2817180849095055,0.2237230618174885,-0.9659823353830184,0.9459839086180452,-0.963102663657589,-0.8639437743584684,-1.2963822520124666,0.2914544530292733,-0.0056281276884050865,1.0895274461121287,2.8154087194227095,-38.10909028026903
-0.543645669392735,-0.6763169653392743,-0.8549851392804476,-0.2817180849095055,-0.349697580344812,0.022747854157168,-1.1191909900604953,1.2696132303854426,-0.5160927283667692,-1.0818473189650206,0.7867394152388026,0.30028986152354886,-3.1782051976497505,3.1441522786722644,-1.057784980498987
-0.2976495692343706,-0.6763169653392743,-0.4260259969660597,-0.2817180849095055,-0.1498691747427978,-0.3204245018141057,1.1040146834734468,0.1851702216945001,-0.632043077030669,-0.5872251122167427,1.1469466604820977,0.18099244886946603,0.0405354107055982,2.740840023925201,-0.8641057745376662
-0.5076629354239909,-0.6763169653392743,-0.1541095237023631,-0.2817180849095055,-0.0716754508115748,-0.2922956201771166,0.9388006915791636,-0.5875322286603054,-0.4001423797028695,0.1576878497535555,-0.2938823204910809,0.3607194215000381,0.4646638654355545,2.9806186357439426,0.2228159868009011
0.42338714583062204,-0.6763169653392743,1.0222563953903143,-0.2817180849095055,1.1968005151838177,-0.7775188284151883,1.0645069897595965,-1.02189833873683,1.686963896247325,1.5521649145619538,0.7867394152388026,0.32923712071408273,0.6810126908875547,2.2512917986064953,6.97661246345179
0.24778925653471104,-0.6763169653392743,1.0222563953903143,-0.2817180849095055,0.2410994449133159,-0.2613538503764276,0.3785097625463766,-0.113604892944841,1.686963896247325,1.5521649145619538,0.7867394152388026,0.3256958825935154,0.2661096475185396,3.0007198150650303,2.101364659320252
-0.5246893614970816,0.36357773505602514,-0.7575605205175189,-0.2817180849095055,-1.079505670369559,0.2632497921534302,-2.0206847284401714,1.7152350553196247,-0.2841920310389698,-0.4501611272142078,0.2914544530292733,0.35565002176019056,-2.6374575757239764,3.2347491740244907,-0.35635163370724127
-0.5514856009151712,1.5551231602204876,-1.417721370045424,-0.2817180849095055,-1.253269501327832,0.72596989508191,-1.032992385593913,2.156012648542916,-0.5160927283667692,-0.8911496007006243,-1.509581773187201,0.3275523807498243,,3.484312288372662,-0.516318160148635
-0.5470158989438759,1.5094652041369507,-1.219963934944554,-0.2817180849095055,-1.208959724433472,2.184452407959825,-1.2951798075131014,0.6330241926131124,-0.632043077030669,-1.0818473189650206,-1.6896853958088487,0.3265401726784678,,3.901972669574645,-0.3397278967840267
-0.4042280802689251,-0.6763169653392743,-0.4260259969660597,-0.2817180849095055,-0.1498691747427978,-0.5285782259278289,0.892109780826431,0.2918383042696014,-0.632043077030669,-0.5872251122167427,1.1469466604820977,0.3395363290758327,0.39485808705184144,2.8094026953624978,-1.2456469864432755
-0.39793309061304394,-0.6763169653392743,-0.4260259969660597,-0.2817180849095055,-0.1498691747427978,-0.4357529165257632,0.4467503244157547,0.2245414774624249,-0.632043077030669,-0.5872251122167427,1.1469466604820977,0.27431043314880005,0.2333084085262507,2.917770732084279,-1.0407233451718054
2.272819355641239,-0.6763169653392743,1.0222563953903143,-0.2817180849095055,1.0751658335130272,-0.4821655712267967,1.1040146834734468,-0.9415410832973504,1.686963896247325,1.5521649145619538,0.7867394152388026,,0.728011582179838,2.2823823856765264,2.9974154446222765
-0.5451526198594703,1.3584690664830146,-1.1196311186066124,-0.2817180849095055,-1.3662159914507093,-0.7212610651412089,-1.3706035864213613,1.3423241985165555,-0.632043077030669,-0.4084460013438711,-1.059322716633082,0.3607194215000381,-0.41393403480360685,3.0155349008501706,-1.4653353021915991
-0.47999396306531955,-0.6763169653392743,-0.7081211617423012,3.5496478698597693,-0.4192031127281213,0.91583984613159,0.6909797037377385,-0.4385483573165424,-0.1682416823750701,-0.5872251122167427,-0.4739859431127292,0.31738389689117874,-0.5292361862151143,3.3214324131932926,-0.30651054335384614
-0.5439687018939912,0.6436716264873752,-1.292668874319874,-0.2817180849095055,-0.7232898169050994,0.7723825497829435,0.0373069531994872,-0.2860975358267497,-0.2841920310389698,-1.0937659263565451,-0.0237268865586108,0.3607194215000381,-1.2277683016567171,3.374168709274236,-0.6171161674382848
-0.5453347207448082,0.525968988083546,0.5773021664133557,-0.2817180849095055,-0.7927953492884081,-0.0714838993267476,0.2887195495603531,-0.0807875977269448,-0.632043077030669,-0.8077193489599509,-0.1137786978694342,0.3607194215000381,-0.34448524205195424,3.0726933146901194,-0.869903438803362
0.24938064153690476,-0.6763169653392743,1.0222563953903143,-0.2817180849095055,-0.2019983240302797,0.6331445856798443,0.2025209450937708,-0.2153337588735437,1.686963896247325,1.5521649145619538,0.7867394152388026,0.32898459059305596,-1.1348514033690629,3.2068032436339315,0.9504148794736503
-0.46453543701232664,-0.6763169653392743,-0.0697717940269919,3.5496478698597693,-0.5755905605905671,-1.3443157934005296,1.1040146834734468,0.0426928184330117,-0.632043077030669,-0.7660042230896142,0.0663249247522141,0.3607194215000381,0.8781561033743661,3.044522437723423,2.2247141658081024
-0.3608681684520763,-0.6763169653392743,-0.4260259969660597,-0.2817180849095055,-0.1498691747427978,-0.6846935190131226,1.1040146834734468,0.1472712324269443,-0.632043077030669,-0.5872251122167427,1.1469466604820977,0.34128417806055183,0.6782591406584966,2.740840023925201,-1.862394678278694
-0.46212731326697565,-0.6763169653392743,-0.7081211617423012,3.5496478698597693,-0.4192031127281213,0.5993899277154566,-0.0991741705392683,-0.0632628771257818,-0.1682416823750701,-0.5872251122167427,-0.4739859431127292,0.005020514731515171,-1.0117637733347027,3.4011973816621555,-0.3671556898295125
-0.3976557918047068,0.3030063069580963,-1.0323851913562283,-0.2817180849095055,0.7971437039797902,1.0044458232881084,0.5509069714795417,-0.7846734623064517,-0.5160927283667692,-0.8434751711345252,-2.4551257919508496,0.2501917817352355,0.24613360526703928,3.456316680883235,-0.4208021795026029
-0.4764498012272146,-0.6763169653392743,-0.0697717940269919,3.5496478698597693,-0.5755905605905671,-1.2599291484895612,0.6945713122571793,-0.0570413638500301,-0.632043077030669,-0.7660042230896142,0.0663249247522141,0.34708837568960366,0.9271701100686173,3.0106208860477417,2.946973156111336
-0.5481432700169689,-0.6763169653392743,-1.292668874319874,-0.2817180849095055,-0.8449244985758901,0.183082479488009,-0.3793196350556616,1.0814480731447702,-0.7479934256945686,-1.0937659263565451,0.1113508304076249,0.3377854197652728,,3.391147045808654,-0.9245052186301359
-0.5265211726808949,-0.6763169653392743,-0.1541095237023631,-0.2817180849095055,-0.0716754508115748,-0.1741543173017592,0.116322340627188,-0.5010484448805819,-0.4001423797028695,0.1576878497535555,-0.2938823204910809,0.33091902710276244,-0.09922568650957371,3.100092288878234,0.19094105964004138
-0.5181792014222482,-0.6763169653392743,-0.604880147829347,-0.2817180849095055,-0.9318064140550268,-0.8689376937354041,-1.273630156396456,0.6246655182884381,-0.7479934256945686,-1.0282135857031591,-0.24885641483567,0.3607194215000381,-0.4201174415668336,3.0106208860477417,-7.845227319801195
-0.5350838771303589,-0.6763169653392743,-1.2519541082696948,-0.2817180849095055,-0.5842787521384808,1.2027544388288858,0.8238692189570535,-0.5150587228679616,-0.7479934256945686,-1.2665857335336546,-0.2938823204910809,0.3377854197652728,,3.6609942506244004,-0.5750008767237106
-0.34926599501584776,-0.6763169653392743,-0.4260259969660597,-0.2817180849095055,-0.1498691747427978,-0.5131073410274857,-1.4352525397712983,0.3388558473458922,-0.632043077030669,-0.5872251122167427,1.1469466604820977,0.2751992216804896,-1.808454615554499,3.1822118404966093,-1.2060668843435822
0.141000908407285,-0.6763169653392743,1.0222563953903143,-0.2817180849095055,0.5104333828986394,0.9566267245052262,-0.0596664768254182,-0.5947035912911337,1.686963896247325,1.5521649145619538,0.7867394152388026,0.16077832849733623,-0.15791429119898936,3.427514689979529,0.7932861670150453
0.005779110604322326,-0.6763169653392743,1.0222563953903143,3.5496478698597693,1.414005303881659,3.488226071834296,0.4898496266490461,-0.8930512737206905,1.686963896247325,1.5521649145619538,0.7867394152388026,-0.06300613628419223,,3.131136910560194,0.345830377017439
-0.5476019732830095,-0.6763169653392743,-1.292668874319874,-0.2817180849095055,-0.8449244985758901,0.9819427179785166,-0.8426371340635431,1.0814480731447702,-0.7479934256945686,-1.0937659263565451,0.1113508304076249,0.3420323220108756,,3.5380565643793527,-0.5518655591984677
-0.5189760495699519,-0.6763169653392743,-0.5365375048165462,-0.2817180849095055,-0.5408377943989126,0.1774567031606117,-0.6091825802998819,0.3587076988669931,-0.5160927283667692,-0.7064111861319904,0.5165839813063325,0.3607194215000381,-1.3938356907893448,3.2108436531709366,-0.5999466343312599
-0.5514705105853734,1.1134340251858619,-1.183611465256894,-0.2817180849095055,-1.340151416806968,0.4278037497298197,-1.812371434312597,1.1562012173892977,-0.979894123022368,-0.8375158674387628,-1.284452244910142,0.18069955937572488,,3.40452517175483,-0.5865763187673686
-0.5227980533658165,0.448066110800114,-0.8637097320054861,-0.2817180849095055,-0.8883654563154584,-0.7859574929062855,-0.109948996097591,1.6338804580573143,-0.1682416823750701,-0.7242890972192775,0.5616098869617434,0.3460129974546554,0.054781201111851946,2.9806186357439426,-3.383856351963589
-0.531506288517637,-0.6763169653392743,-0.3649538478907909,-0.2817180849095055,-0.3062566226052437,-0.1474318797466189,-0.5337588013916221,-0.4783945377620053,-0.5160927283667692,-0.1283587276430389,1.1019207548266852,0.3325142222401181,0.035304390839106255,3.122364924487357,-0.150555392107426
-0.5139261932442843,-0.6763169653392743,-0.5365375048165462,-0.2817180849095055,-0.5408377943989126,0.184488923569859,-1.9596273836096756,0.7745042540517701,-0.5160927283667692,-0.7064111861319904,0.5165839813063325,0.334106876782155,,3.242592351485517,-0.596384796915602
-0.44403782682192006,0.3030063069580963,-1.0323851913562283,-0.2817180849095055,0.1715939125300066,1.6457843246114725,-0.598407754741559,-0.433656633137898,-0.5160927283667692,-0.8434751711345252,-2.4551257919508496,0.3053884871065451,,3.7954891891721947,-0.3187996705885645
-0.3583734241277973,-0.6763169653392743,-0.4260259969660597,-0.2817180849095055,-0.1498691747427978,0.5262548354592841,0.6478804015044471,0.215565401056951,-0.632043077030669,-0.5872251122167427,1.1469466604820977,0.21458720958821123,-0.10826637231609931,3.091042453358316,-0.38474905931422226
-0.5515955516204613,1.3584690664830146,-1.5427738657709744,-0.2817180849095055,-1.1576993943007818,2.2153941777605137,-1.3382791097463929,0.8849242415794236,-0.632043077030669,-0.8971089043963867,-1.824763112775084,0.3387029450682653,,3.9318256327243257,-0.2790043319109364
-0.44798762743094256,0.3030063069580963,-1.0323851913562283,-0.2817180849095055,0.7971437039797902,2.950964432567793,0.7987279593209667,-0.710775182481493,-0.5160927283667692,-0.8434751711345252,-2.4551257919508496,0.27528805710212184,-2.618649771969801,3.9080149840306073,-0.21348589326235407
-0.41891310732884,-0.6763169653392743,-0.4260259969660597,-0.2817180849095055,-0.1498691747427978,-0.6846935190131226,0.7556286570876753,0.4259570332064158,-0.632043077030669,-0.5872251122167427,1.1469466604820977,0.18245561095456628,0.24825523707609648,2.8678989020441064,-1.862394678278694
-0.523797778412909,0.036220300493188265,-0.4652866642287325,-0.2817180849095055,-0.271503856413589,-0.1797800936291578,0.9639419512152498,1.0283989866637426,-0.5160927283667692,-0.5633878974336931,-1.4645558675317891,0.3607194215000381,0.6266273244197833,3.3357695763397,-0.6868742066093811
0.7876159372763193,-0.6763169653392743,1.0222563953903143,-0.2817180849095055,0.2150348702695749,-0.8253379271980704,-0.4511518054444804,-0.4565954950629975,1.686963896247325,1.5521649145619538,0.7867394152388026,0.3607194215000381,0.2429426936255645,3.0492730404820207,8.886674076759304
-0.5272699878710075,-0.6763169653392743,-0.3649538478907909,-0.2817180849095055,-0.3062566226052437,0.244966019089387,0.9998580364096592,-0.6421960590449631,-0.5160927283667692,-0.1283587276430389,1.1019207548266852,0.34708837568960366,-0.06530768439576615,3.0349529867072724,-0.10310219369435088
-0.5373959985861159,-0.6763169653392743,-0.7430195326424549,-0.2817180849095055,-0.4887086451114305,-0.6326550879846917,-0.9970763003995036,0.0708083593432788,-0.5160927283667692,-0.7540856156980894,0.3364803586846842,0.3607194215000381,-0.7735448749233881,3.091042453358316,-2.0527999464074913
-0.31982675190785265,-0.6763169653392743,1.237463015941261,-0.2817180849095055,0.4322396589674164,0.904588293476794,1.0106328619679823,-0.9060642098852398,-0.5160927283667692,-0.0151319574235536,-1.6896853958088487,0.04192730248503055,,3.744787086052232,-0.007945001801901485
0.892045046712188,-0.6763169653392743,1.0222563953903143,-0.2817180849095055,0.5104333828986394,-1.4005735566745092,1.0070412534485411,-0.7999660369231849,1.686963896247325,1.5521649145619538,0.7867394152388026,-0.12825698079749076,0.9759431019341424,2.5649493574615367,-3.874856162368161
-0.5267314574009705,-0.6763169653392743,-0.1541095237023631,-0.2817180849095055,-0.0716754508115748,-0.6017133181840028,0.1378719917438335,-0.6210144184267552,-0.4001423797028695,0.1576878497535555,-0.2938823204910809,-0.2840876239832313,0.30590387428301863,3.0633909220278057,0.3959154472215192
-0.5242675960687044,-0.6763169653392743,-0.1541095237023631,-0.2817180849095055,-0.0716754508115748,-0.0644516789175003,0.5365405374017782,-0.7259727721627185,-0.4001423797028695,0.1576878497535555,-0.2938823204910809,0.2918504576524674,-0.37168876377656707,2.970414465569701,0.1685512615437103
-0.5402697061318219,-0.6763169653392743,-1.0207524010561773,-0.2817180849095055,-0.3931385380843803,0.34622999298255,-1.2987714160325423,-0.3100337395746799,-0.5160927283667692,-0.6527774528701289,-0.8341931883560227,0.31106139749610884,,3.414442608412176,-0.48489296500066187
-0.5201223712090448,0.3030063069580963,-0.597609653891815,-0.2817180849095055,-0.7927953492884081,-0.0841418960633922,-1.9021616472986205,0.3058010897892272,-0.7479934256945686,-1.087806622660783,0.0663249247522141,0.3607194215000381,-1.8002017680247437,3.265759410767051,-1.187745806894205
-0.536015301401822,0.8799249840403461,-1.1094524270940676,-0.2817180849095055,-1.0273765210820769,1.2351026527114233,-1.5430007953545264,1.279776618484762,-0.5160927283667692,-0.0449284759023655,-1.4645558675317891,0.3070248990374168,,3.6216707044204863,-0.020101303109216196
-0.08388293471943105,-0.6763169653392743,1.237463015941261,-0.2817180849095055,2.743298610712448,-1.9645576334961528,1.024999296045746,-1.1584391835290897,-0.5160927283667692,-0.0151319574235536,-1.6896853958088487,0.3607194215000381,1.1782252211564228,2.5494451709255714,0.015687976434032292
0.5846276409660122,-0.6763169653392743,1.0222563953903143,-0.2817180849095055,1.005660301129718,0.695028125281221,1.0609153812401553,-1.1526925949308762,1.686963896247325,1.5521649145619538,0.7867394152388026,0.3607194215000381,0.7678710441126003,2.6602595372658615,0.9157163184560345
0.8563109127249141,-0.6763169653392743,1.0222563953903143,-0.2817180849095055,1.257617856019213,-1.996905847378691,1.1040146834734468,-1.042747532080761,1.686963896247325,1.5521649145619538,0.7867394152388026,0.14309168450625778,1.2323436938415968,2.4159137783010487,-1.5569824559092376
-0.4920889698662176,-0.6763169653392743,-0.7081211617423012,-0.2817180849095055,-0.4452676873718622,1.9495762462909607,-1.8770203876625335,-0.1947220278683817,-0.1682416823750701,-0.5872251122167427,-0.4739859431127292,0.18857762033381326,,3.8649313978942956,-0.1990879581279405
0.33704977670446423,-0.6763169653392743,1.0222563953903143,-0.2817180849095055,1.3705643461420909,0.0241542982390179,0.4934412351684868,-0.4990062687671673,1.686963896247325,1.5521649145619538,0.7867394152388026,0.3607194215000381,0.1573511745296674,3.0204248861443626,1.5155576823051211
-0.463336571887768,-0.6763169653392743,-0.7081211617423012,-0.2817180849095055,-0.4452676873718622,0.3546686574736459,-1.7189896128071325,-0.1947220278683817,-0.1682416823750701,-0.5872251122167427,-0.4739859431127292,0.21562496794697045,,3.481240089335692,-0.43348246744844077
0.15231376153369994,-0.6763169653392743,1.0222563953903143,-0.2817180849095055,1.3705643461420909,0.3166946672637109,0.6191475333489197,-0.6408187774801022,1.686963896247325,1.5521649145619538,0.7867394152388026,,0.5497052460452663,2.714694743820879,1.1788343593641077
-0.2528550572506104,-0.6763169653392743,1.5733598358552396,-0.2817180849095055,0.597315298377776,-1.8014101200016122,1.1040146834734468,-1.1140337261792592,-0.632043077030669,0.1874843682323674,1.236998471792921,0.3607194215000381,1.3722087358700215,2.7343675094195836,-0.2339431004839198
0.6698080226341173,-0.6763169653392743,1.0222563953903143,-0.2817180849095055,0.9795957264859768,-1.9603383012506048,1.1040146834734468,-1.239983750662415,1.686963896247325,1.5521649145619538,0.7867394152388026,0.3607194215000381,1.384530607720757,2.6946271807700692,-1.6162688841428485
-0.5421367149651055,0.036220300493188265,-0.7270244459798845,-0.2817180849095055,-1.2706458844236594,-0.5932746536929056,-1.7189896128071325,1.2884202476159592,-0.632043077030669,-0.360771571777772,0.2014026417184483,0.35507605229364175,-0.9932564466118566,3.1354942159291497,-0.8870152181402892
-0.42808406884845773,-0.6763169653392743,-0.7081211617423012,3.5496478698597693,-0.4192031127281213,0.8145758722384271,0.303085983638117,-0.2436392696548261,-0.1682416823750701,-0.5872251122167427,-0.4739859431127292,0.3061639634129315,-0.47975130892278395,3.349904087274605,-0.32361562897469404
-0.15081327953591153,-0.6763169653392743,1.237463015941261,-0.2817180849095055,0.4322396589674164,0.0269671864027166,0.9639419512152498,-0.8002984841974615,-0.5160927283667692,-0.0151319574235536,-1.6896853958088487,-1.321431867888002,-0.2512109799252974,3.2108436531709366,-0.01473460654235522
-0.5311555697622748,-0.6763169653392743,0.1250774434988655,-0.2817180849095055,0.1542175294341793,0.695028125281221,0.719712571893266,-0.6630927448566482,-0.979894123022368,-0.7898414378726638,1.1469466604820977,0.3321786030863399,-1.894960623745327,3.1354942159291497,-0.4659754172171165
1.121259601775534,-0.6763169653392743,1.0222563953903143,-0.2817180849095055,1.257617856019213,-2.7170052172856263,0.7879531337626441,-1.1139862337115054,1.686963896247325,1.5521649145619538,0.7867394152388026,-2.002257174784925,1.2327397066337817,2.2823823856765264,-0.9039954561208238
-0.48138982807831615,-0.6763169653392743,-0.5365375048165462,-0.2817180849095055,-0.5408377943989126,-0.3640242683514393,-0.6953811847664645,0.4445265880981629,-0.5160927283667692,-0.7064111861319904,0.5165839813063325,0.3607194215000381,-1.1518969568531237,3.0633909220278057,-1.1107517959857502
-0.5498593119029743,1.1134340251858619,-1.183611465256894,-0.2817180849095055,-1.340151416806968,0.7034667897723182,-2.1320245925428405,1.1562012173892977,-0.979894123022368,-0.8375158674387628,-1.284452244910142,0.33150702666899623,,3.4688560301359703,-0.49165376893006724
-0.5449748356946446,0.448066110800114,-0.9029703992681588,-0.2817180849095055,-1.1229466281091272,0.4489004109575616,0.0408985617189285,0.767285398953188,-0.632043077030669,-0.7421670083065647,0.2464285473738608,0.3503075891262122,-1.38294654710144,3.214867803470662,-0.5122277574730447
-0.4991344579207923,-0.6763169653392743,-0.3649538478907909,-0.2817180849095055,-0.3062566226052437,-0.0996127809637367,0.7879531337626441,-0.5889095102251665,-0.5160927283667692,-0.1283587276430389,1.1019207548266852,0.3133728897728322,0.32374961183837625,3.0155349008501706,-0.1425594732235634
0.3039849204549367,-0.6763169653392743,1.0222563953903143,-0.2817180849095055,1.6051455179357594,0.0579089562034056,0.974716776773573,-0.8135963751685338,1.686963896247325,1.5521649145619538,0.7867394152388026,-0.6704436159557007,0.5226909841572065,2.766319109226186,1.4672008450824732
-0.13947812126143308,-0.6763169653392743,1.237463015941261,-0.2817180849095055,2.743298610712448,-0.2388507450668359,1.1040146834734468,-1.1236746971332865,-0.5160927283667692,-0.0151319574235536,-1.6896853958088487,,1.1139005021802004,2.6946271807700692,-0.01988040758823619
-0.545529712571781,0.525968988083546,0.5773021664133557,-0.2817180849095055,-0.7927953492884081,0.1999598084702034,-0.5624916695471496,-0.0566139316402456,-0.632043077030669,-0.8077193489599509,-0.1137786978694342,0.34518499578552153,-0.9714905112318917,3.173878458937465,-0.6731220023024693
-0.3365528448264071,-0.6763169653392743,1.237463015941261,3.5496478698597693,2.743298610712448,-1.8112552285745596,0.6730216611405339,-1.0329165912557183,-0.5160927283667692,-0.0151319574235536,-1.6896853958088487,-0.2143104183659051,-0.08729719247699651,2.791165107812717,0.018652523756477555
-0.45916460319644425,-0.6763169653392743,-0.7081211617423012,-0.2817180849095055,-0.4452676873718622,1.5642105678642029,0.2743531154825896,-0.0539543534460312,-0.1682416823750701,-0.5872251122167427,-0.4739859431127292,0.17521648347033497,,3.487375077903208,-0.2290081476053886
-0.5465266933501106,-0.6763169653392743,-0.8549851392804476,-0.2817180849095055,-0.349697580344812,0.0143091896660708,-1.1048245559827317,1.2696132303854426,-0.5160927283667692,-1.0818473189650206,0.7867394152388026,0.2976004684051761,-1.6766556549569696,3.077312260546414,-1.0665853469405957
-0.5469279101121655,0.448066110800114,-0.9029703992681588,-0.2817180849095055,-1.1229466281091272,-0.1868123140384051,-0.8103126573885744,0.767285398953188,-0.632043077030669,-0.7421670083065647,0.2464285473738608,0.3083149142984349,-1.237084951755484,3.173878458937465,-0.9126638549979414
-0.5098338666669171,-0.6763169653392743,-0.3649538478907909,-0.2817180849095055,-0.3062566226052437,-0.2290056364938899,0.6514720100238884,-0.5083622849146717,-0.5160927283667692,-0.1283587276430389,1.1019207548266852,0.3407019011081479,0.09139354854720105,3.0106208860477417,-0.1664846511449518
-0.06458655904172737,-0.6763169653392743,1.237463015941261,-0.2817180849095055,0.4322396589674164,-0.2796376234404708,0.8526020871125809,-0.7131972983369383,-0.5160927283667692,-0.0151319574235536,-1.6896853958088487,,-0.5064390708446125,3.258096538021482,-0.021006035178883508
-0.27054127722057375,-0.6763169653392743,1.237463015941261,3.5496478698597693,0.4322396589674164,2.918616218685256,0.8849265637875495,-0.7708531541900874,-0.5160927283667692,-0.0151319574235536,-1.6896853958088487,0.28931344457794184,,3.9318256327243257,-0.0038615563706901
-0.5477888164218643,1.5094652041369507,-1.3959098882328282,-0.2817180849095055,-1.322775033711141,0.9495945040959776,-1.9380777324930296,1.837148220043705,-0.7479934256945686,-0.021091261119316,-0.6540895657343759,0.3607194215000381,,3.580737295494233,-0.010818280968172903
-0.46283335844333195,-0.6763169653392743,0.2079610743867303,-0.2817180849095055,0.0499592308592163,-0.2486958536397818,1.0321825130846278,-0.379040295220994,-0.7479934256945686,-0.5097541641718316,2.047464773590334,-0.21837707579542967,0.7526294699573256,4.007333185232471,-0.6784924143456362
-0.537646852805384,-0.6763169653392743,0.2559463343744416,-0.2817180849095055,-1.0273765210820769,-0.0377292413623599,-2.272097324801037,0.2215019595261798,-0.5160927283667692,-0.0449284759023655,0.1113508304076249,0.34443920765324243,-1.6550986030646215,3.2228678461377385,-0.04669005630595505
0.41144187460113546,-0.6763169653392743,1.0222563953903143,-0.2817180849095055,1.3705643461420909,0.1647987064239658,1.0429573386429507,-0.7599298866067065,1.686963896247325,1.5521649145619538,0.7867394152388026,-1.0496935356815265,0.6381742052671072,2.6390573296152584,1.3325606441710742
-0.4466686459467019,-0.6763169653392743,-0.7081211617423012,-0.2817180849095055,-0.4452676873718622,3.410871647332575,0.4934412351684868,-0.4230183203610401,-0.1682416823750701,-0.5872251122167427,-0.4739859431127292,0.23115632343381118,,3.9318256327243257,-0.13313130808779267
0.2605284697003384,-0.6763169653392743,1.0222563953903143,-0.2817180849095055,-0.2019983240302797,-0.0813290078996935,-0.1638231238892051,-0.1714032262012516,1.686963896247325,1.5521649145619538,0.7867394152388026,0.3607194215000381,-0.3161371184922098,3.1780538303479458,1.6895764946418146
-0.5237537443222273,-0.6763169653392743,-0.1541095237023631,-0.2817180849095055,-0.0716754508115748,-0.80002193372478,-0.1458650812920004,-0.4872281367642176,-0.4001423797028695,0.1576878497535555,-0.2938823204910809,0.3156790513724605,0.11224882486074715,3.0106208860477417,0.7885257252989808
-0.5462414339016614,1.0034798846238036,-0.8360818550428644,-0.2817180849095055,-1.3053986506153137,-0.127741662600727,-1.3634203693824791,1.67747854345533,-0.4001423797028695,-0.6706553639574161,-0.8341931883560227,0.3607194215000381,-1.4272331680650416,3.186352633162641,-0.7688724030509624
-0.5427990066451142,0.6436716264873752,-1.292668874319874,-0.2817180849095055,-0.7232898169050994,0.4446810787120129,-0.4008692861723072,-0.197144143723827,-0.2841920310389698,-1.0937659263565451,-0.0237268865586108,0.33142304789596827,-0.7275162289488679,3.380994674344636,-0.7570985336996856
0.9344460697967523,-0.6763169653392743,1.0222563953903143,-0.2817180849095055,1.005660301129718,0.3448235489007,1.071690206798478,-1.0761347369117031,1.686963896247325,1.5521649145619538,0.7867394152388026,0.3607194215000381,0.7577358499521382,2.4765384001174837,1.1541773757834186
0.049573880342122,-0.6763169653392743,1.0222563953903143,-0.2817180849095055,1.8657912643731691,-0.0686710111630477,0.7843615252432028,-0.7074507097387249,1.686963896247325,1.5521649145619538,0.7867394152388026,-0.11281677761265561,0.18029661815844877,3.039749158970765,1.6666129081843617
0.4013403167909438,-0.6763169653392743,1.0222563953903143,-0.2817180849095055,0.3627341265841071,-0.960356559055621,1.028590904565187,-1.1067673786129233,1.686963896247325,1.5521649145619538,0.7867394152388026,-0.7506527073433628,1.0494413768578412,2.9014215940827497,39.15313296693116
-0.4496042453562093,-0.6763169653392743,-0.7081211617423012,-0.2817180849095055,-0.4192031127281213,1.48826258744433,0.0839978639522194,0.1723472554009661,-0.1682416823750701,-0.5872251122167427,-0.4739859431127292,0.30340397787948054,,3.481240089335692,-0.23599804746486813
-0.44527385691477356,0.3030063069580963,-1.0323851913562283,-0.2817180849095055,0.7971437039797902,1.7161065287039463,0.7233041804127072,-0.7813964820314374,-0.5160927283667692,-0.8434751711345252,-2.4551257919508496,0.28861244472378034,-1.3615176515786847,3.7864597824528,-0.3105456881829333
-0.5414151028875143,0.7881662664126194,-0.6775850872046669,3.5496478698597693,-0.9404946056029404,0.7400343359004046,-1.496309884601794,0.5118234149053394,-0.632043077030669,-0.903068208092149,-0.3839341318019043,0.3321786030863399,,3.529297384289471,-0.5189944758330554
0.2083743713760839,-0.6763169653392743,1.0222563953903143,-0.2817180849095055,1.257617856019213,-0.3499598275329447,0.4754831925712821,-0.768098591060365,1.686963896247325,1.5521649145619538,0.7867394152388026,0.19697067768220863,0.5979102626285548,3.186352633162641,2.3877984473961402
1.2959620937791654,-0.6763169653392743,1.0222563953903143,-0.2817180849095055,1.1968005151838177,-1.3372835729912824,0.9603503426958092,-0.9889385661156724,1.686963896247325,1.5521649145619538,0.7867394152388026,0.3607194215000381,0.6706475478353724,2.2300144001592104,-4.601958229973067
-0.5337254266791097,-0.6763169653392743,-0.7430195326424549,-0.2817180849095055,-0.4887086451114305,-0.6453130847213363,-0.2823462050307563,-0.1933922387712746,-0.5160927283667692,-0.7540856156980894,0.3364803586846842,0.18906189258384634,-0.19849301194743135,3.044522437723423,-2.126059866363082
-0.5459412486819203,1.3584690664830146,-1.3886393942952964,-0.2817180849095055,-1.3140868421632272,1.3884050576330171,-1.262855330838133,1.6735841610995164,-0.8639437743584684,-0.4561204309099702,-2.635229414572497,0.3607194215000381,,3.535145354171894,-0.1909728123595583
-0.4432597954885,-0.6763169653392743,1.5733598358552396,-0.2817180849095055,0.597315298377776,-0.2093154193479968,1.028590904565187,-1.005133497619728,-0.632043077030669,0.1874843682323674,1.236998471792921,0.3607194215000381,0.575245050066736,2.9338568698359038,0.23711650994606048
-0.5166019805054707,-0.6763169653392743,-0.2006406849025679,-0.2817180849095055,0.2584758280091432,-0.8858150227175985,-1.4532105823685029,-0.4685161044692088,-0.4001423797028695,-0.0866436017727022,0.3364803586846842,0.3308349989336567,0.5072707407823698,3.1822118404966093,-0.7588003591612216
0.12961424898353616,-0.6763169653392743,1.0222563953903143,-0.2817180849095055,1.8657912643731691,0.1380762688688255,0.6730216611405339,-0.6016849840509466,1.686963896247325,1.5521649145619538,0.7867394152388026,0.15958230763886186,-1.1139450961786235,3.258096538021482,1.3638496443693582
-0.5470330683991417,1.3584690664830146,-0.8898835101806012,-0.2817180849095055,-1.253269501327832,0.7892598787651367,-1.4855350590434713,0.6324067905323123,-0.632043077030669,-0.9567019413540104,0.3364803586846842,0.3607194215000381,,3.3843902633457743,-0.5346914401357288
-0.537668114530211,1.3584690664830146,-0.8898835101806012,-0.2817180849095055,-1.253269501327832,1.1929093302559386,-1.4927182760823532,0.6324067905323123,-0.632043077030669,-0.9567019413540104,0.3364803586846842,0.3607194215000381,,3.6454498961866,-0.4362706328776266
-0.5324893789598064,0.448066110800114,-0.8637097320054861,-0.2817180849095055,-0.8883654563154584,-0.5243588936822815,-0.7923546147913697,1.4945375576675792,-0.1682416823750701,-0.7242890972192775,0.5616098869617434,0.3607194215000381,-0.6491339488169403,3.0252910757955354,-1.5227638814200117
-0.5330056240526431,-0.6763169653392743,-0.1541095237023631,-0.2817180849095055,-0.0716754508115748,0.5839190428151122,0.4431587158963134,-0.5260294829190962,-0.4001423797028695,0.1576878497535555,-0.2938823204910809,0.34997788992757217,-0.43050885155101565,3.169685580677429,0.09955549841316105
-0.5431773506427324,-0.6763169653392743,-1.1138147234565867,-0.2817180849095055,-0.5755905605905671,1.095864688608324,-0.2212888602002602,-0.176009995573373,-0.8639437743584684,-0.8077193489599509,-0.2938823204910809,0.3538450072573787,-3.1150349189844966,3.391147045808654,-0.3853871642335293
1.3339356504001076,-0.6763169653392743,1.0222563953903143,-0.2817180849095055,1.0751658335130272,-1.4005735566745092,0.712529354854384,-1.01520190078354,1.686963896247325,1.5521649145619538,0.7867394152388026,,1.0607907819292668,2.4336133554004498,-3.874856162368161
-0.5356651198979437,0.036220300493188265,-0.4652866642287325,-0.2817180849095055,-0.271503856413589,-0.4048111467250754,-0.0955825620198276,0.8431783624238078,-0.5160927283667692,-0.5633878974336931,-1.4645558675317891,0.35006032491856387,-0.04237323302180903,3.173878458937465,-0.9465699741077943
0.1677484656272927,-0.6763169653392743,1.0222563953903143,-0.2817180849095055,0.6581326392131716,-1.870325880012237,1.1040146834734468,-1.1648031742081029,1.686963896247325,1.5521649145619538,0.7867394152388026,0.16911065938543704,,3.9318256327243257,-1.7834295752990017
-0.5390340642600768,1.1134340251858619,-1.3639197149076876,-0.2817180849095055,-1.253269501327832,-0.5848359892018083,-1.82314625987092,3.2889454668105182,-0.632043077030669,0.0325424721425454,-0.0687527922140217,0.3227352411230223,-1.1139450961786235,2.975529566236472,0.07838461739489282
-0.5508886287252311,1.4616224479280817,-1.3159344549199763,-0.2817180849095055,-1.261957692875746,0.6022028158791554,-1.1910231604493142,3.961533795140252,-0.5160927283667692,-1.302341555708229,-0.6540895657343759,0.25373795857088494,,3.4372078191851885,-0.8128443807493949
-0.2996384677937712,-0.6763169653392743,1.237463015941261,-0.2817180849095055,0.4322396589674164,-0.3288631663052029,1.1040146834734468,-0.9630551711898352,-0.5160927283667692,-0.0151319574235536,-1.6896853958088487,-0.07126312828801443,-1.9411919718364208,3.2308043957334744,-0.022546754497511208
-0.24839358310065018,-0.6763169653392743,1.237463015941261,-0.2817180849095055,2.743298610712448,-0.2501022977216318,1.0070412534485411,-1.0292121787709194,-0.5160927283667692,-0.0151319574235536,-1.6896853958088487,0.14187430888113542,0.17003627086532927,3.1135153092103742,-0.020178695544177696
-0.5429144184543256,-0.6763169653392743,-1.0207524010561773,-0.2817180849095055,-0.3931385380843803,0.0213414100753193,0.1486468173021567,-0.2220776892945876,-0.5160927283667692,-0.6527774528701289,-0.8341931883560227,0.35006032491856387,-2.083316404716137,3.242592351485517,-0.639137360368057
0.5687363925742244,-0.6763169653392743,1.0222563953903143,-0.2817180849095055,1.1968005151838177,0.1465149333599227,1.1040146834734468,-1.0192387605426154,1.686963896247325,1.5521649145619538,0.7867394152388026,0.1749218971120115,0.7074697811847993,2.5726122302071057,1.3538113367727818
-0.536771262495997,-0.6763169653392743,-1.2519541082696948,-0.2817180849095055,-0.5842787521384808,-0.9786403321196642,0.7376706144904707,-0.3786128630112096,-0.7479934256945686,-1.2665857335336546,-0.2938823204910809,0.31140417812301574,0.15618996481851782,3.3105430133940246,-59.298006908604634
0.44911462957425136,-0.6763169653392743,1.0222563953903143,-0.2817180849095055,1.257617856019213,-1.0967816349950217,1.1040146834734468,-1.0695332838939209,1.686963896247325,1.5521649145619538,0.7867394152388026,0.3607194215000381,0.9578656937992188,2.5877640352277083,-16.037804224342718
-0.5070915518974543,0.036220300493188265,-0.4652866642287325,-0.2817180849095055,-0.271503856413589,-0.1284448846416513,0.899292997865313,1.2165641439044153,-0.5160927283667692,-0.5633878974336931,-1.4645558675317891,0.3243435340252125,0.7167990090215312,2.772588722239781,-0.6464168329756753
0.39827783514538756,-0.6763169653392743,1.0222563953903143,-0.2817180849095055,1.0751658335130272,-0.1502447679103188,0.3174524177158805,-0.8783761011847573,1.686963896247325,1.5521649145619538,0.7867394152388026,,0.7853641543489043,2.4849066497880004,1.8266023625943877
-0.5174225750092122,-0.6763169653392743,-0.7430195326424549,-0.2817180849095055,-0.4887086451114305,-0.4695075744901508,-1.4029280630963297,0.029537404865201,-0.5160927283667692,-0.7540856156980894,0.3364803586846842,0.3320107512599166,-0.4367959267658336,3.246490991901174,-1.4214823425110128
-0.5160608400039435,-0.6763169653392743,-0.5365375048165462,-0.2817180849095055,-0.5408377943989126,0.1071344990681377,-0.5373504099110632,0.3587076988669931,-0.5160927283667692,-0.7064111861319904,0.5165839813063325,0.3607194215000381,-1.5930828759470708,3.1822118404966093,-0.6380536300933342
-0.546462342005937,1.3584690664830146,-1.3886393942952964,-0.2817180849095055,-1.3140868421632272,1.370121284568974,-1.1120077730216136,1.6735841610995164,-0.8639437743584684,-0.4561204309099702,-2.635229414572497,0.3216333379514447,-1.7758441785527763,3.572345637857985,-0.19244602961021864
0.8211172515069777,-0.6763169653392743,1.0222563953903143,-0.2817180849095055,1.6051455179357594,-0.5131073410274857,0.6694300526210931,-0.9329924391016612,1.686963896247325,1.5521649145619538,0.7867394152388026,,1.3586864466395654,2.2407096892759584,3.187899603656944
-0.17202654294058511,-0.6763169653392743,1.237463015941261,-0.2817180849095055,2.743298610712448,-0.9448856741552766,1.1040146834734468,-1.0773695410733028,-0.5160927283667692,-0.0151319574235536,-1.6896853958088487,,0.42638737382588326,2.8094026953624978,-0.2745557927386372
0.7278461210393419,-0.6763169653392743,1.0222563953903143,-0.2817180849095055,0.5104333828986394,-0.9167567925182876,0.6586552270627699,-0.8709672762151598,1.686963896247325,1.5521649145619538,0.7867394152388026,-1.5997625684695387,0.17003627086532927,3.0819099697950434,18.646144971083032
-0.14100990960288026,-0.6763169653392743,1.237463015941261,-0.2817180849095055,2.743298610712448,-1.932209419613614,0.9495755171374864,-1.1038703380799395,-0.5160927283667692,-0.0151319574235536,-1.6896853958088487,0.31746906291920446,1.1882100316934519,2.747270914255491,0.016232358422022336
0.6125773587965925,-0.6763169653392743,1.0222563953903143,-0.2817180849095055,0.5104333828986394,-0.1614963205651146,0.9854916023318956,-0.7668162944310117,1.686963896247325,1.5521649145619538,0.7867394152388026,0.209571950368293,0.5418353476059905,2.747270914255491,1.8511128247022657
0.2456767387018149,-0.6763169653392743,1.0222563953903143,3.5496478698597693,0.6581326392131716,0.5389128321959287,0.9890832108513364,-1.153309997011676,1.686963896247325,1.5521649145619538,0.7867394152388026,0.1672320321620378,,3.9318256327243257,1.0086113274831268
-0.5225760279067385,-0.6763169653392743,2.1201009799576456,-0.2817180849095055,0.2237230618174885,-0.6242164234935945,0.9962664278902184,-0.8741967640224203,-0.8639437743584684,-1.2963822520124666,0.2914544530292733,0.11627345956446346,1.0012139333209025,2.9069010598473755,-3.4498108301185133
0.9054223425684578,-0.6763169653392743,1.0222563953903143,-0.2817180849095055,1.005660301129718,0.4910937334130464,0.8633769126709036,-1.158914108206628,1.686963896247325,1.5521649145619538,0.7867394152388026,0.037317326303632,0.8865870461929914,2.7013612129514133,1.040957305218578
-0.5300049776876582,-0.6763169653392743,-1.1894278604069195,-0.2817180849095055,-0.9578709886987676,-0.1284448846416513,0.0121656935634006,-0.1376835740960325,-0.8639437743584684,-0.7719635267853766,-0.2038305091802575,0.3184904899030382,-0.21015648704563386,3.109060958860994,-0.8857311639642846
0.07990386420448757,-0.6763169653392743,1.237463015941261,-0.2817180849095055,2.743298610712448,-1.169916727251194,1.1040146834734468,-1.127141647279316,-0.5160927283667692,-0.0151319574235536,-1.6896853958088487,0.3607194215000381,1.0503920959406137,2.8094026953624978,0.08905513699768637
-0.5347679416128359,0.5747246970790703,-0.8927917077556141,-0.2817180849095055,-1.1055702450132998,0.4306166378935184,-0.9719350407634167,1.1420959544664104,-0.4001423797028695,-0.6289402380870793,-0.8341931883560227,0.2475467048881359,-1.3048513930267005,3.190476350346503,-0.43962877365465935
-0.5374725237114382,0.7881662664126194,-0.6775850872046669,-0.2817180849095055,-0.9404946056029404,0.2562175717441829,-1.3346875012269517,0.1686903353839213,-0.632043077030669,-0.903068208092149,-0.3839341318019043,0.3607194215000381,-1.3993250529037786,3.40452517175483,-0.7188788219530259
-0.5287840541437939,-0.6763169653392743,-1.1894278604069195,-0.2817180849095055,-0.9578709886987676,2.488244329639315,0.242028638807621,-0.1376835740960325,-0.8639437743584684,-0.7719635267853766,-0.2038305091802575,0.3607194215000381,,3.681351187693145,-0.2213043163937997
0.05109260237213941,-0.6763169653392743,1.0222563953903143,3.5496478698597693,1.8657912643731691,0.1338569366232769,0.7807699167237621,-0.6078590048589445,1.686963896247325,1.5521649145619538,0.7867394152388026,0.3143130791818552,0.07009404883832454,3.122364924487357,1.368924830309222
-0.5346683048055247,-0.6763169653392743,2.1201009799576456,-0.2817180849095055,0.2237230618174885,-0.4765397948993981,0.8490104785931402,-0.8065199974732132,-0.8639437743584684,-1.2963822520124666,0.2914544530292733,0.1941808116306716,0.5339030222469948,3.068052935133617,-2.4765631453556622
-0.5331664761531584,-0.6763169653392743,-1.2519541082696948,-0.2817180849095055,-0.5842787521384808,0.3701395423739904,0.9459839086180452,-0.4455297500763553,-0.7479934256945686,-1.2665857335336546,-0.2938823204910809,0.3607194215000381,-3.1782051976497505,3.5115454388310208,-0.9244209763766748
-0.5498808348805628,1.385271998131699,-1.31448035613247,-0.2817180849095055,-1.2185167351361774,1.842686496070401,-1.923711298415266,1.1801374211372275,-0.8639437743584684,-0.3428936606904848,-1.6896853958088487,0.34824518349259115,,3.768152635008444,-0.1206231011279243
-0.4836655460431242,0.36357773505602514,-0.7575605205175189,-0.2817180849095055,-1.079505670369559,-0.2697925148675248,-1.2341224626826055,2.0281154328818536,-0.2841920310389698,-0.4501611272142078,0.2914544530292733,0.3043535823561426,-0.6648546186688061,3.2308043957334744,-0.6164838575059787
-0.4995314264546808,-0.6763169653392743,-0.1701046103649334,-0.2817180849095055,-0.0977400254553158,-0.3893402618247309,0.7592202656071166,-0.4517037708843531,-0.632043077030669,-0.6051030233040298,-0.0237268865586108,0.3558139525449727,-0.14841560400003762,3.0155349008501706,-0.9909004728429559
-0.5427220728382455,0.6436716264873752,-1.292668874319874,-0.2817180849095055,-0.7232898169050994,1.3166764094586931,-1.0114427344772672,0.1125067460311412,-0.2841920310389698,-1.0937659263565451,-0.0237268865586108,0.334106876782155,-1.553777618456661,3.6136169696133895,-0.47212719130338576
0.19912775293226942,-0.6763169653392743,1.0222563953903143,3.5496478698597693,1.8657912643731691,-0.2430700773123845,0.5078076692462508,-0.5045628874943653,1.686963896247325,1.5521649145619538,0.7867394152388026,0.3486580050410397,-0.18696400662255883,3.1654750481410856,2.0506058329028845
-0.5156905356833923,-0.6763169653392743,2.424007626546483,-0.2817180849095055,0.4669924251590711,-1.2458647076710667,1.0429573386429507,-0.963957528077158,-0.632043077030669,1.820333580871261,0.7417135095833917,-0.20321163893222713,0.9266325250662735,2.0794415416798357,-7.4038018636925225
1.74605530235291,-0.6763169653392743,1.0222563953903143,-0.2817180849095055,1.1968005151838177,-1.081310750094677,0.5796398396350696,-1.0342463803528257,1.686963896247325,1.5521649145619538,0.7867394152388026,-0.4378428171457797,1.0949952497014714,2.2512917986064953,-19.089295237771587
-0.5453282930901701,1.0034798846238036,-0.8360818550428644,-0.2817180849095055,-1.3053986506153137,0.3729524305376903,-1.6651154850155183,1.67747854345533,-0.4001423797028695,-0.6706553639574161,-0.8341931883560227,0.1308507194199376,-0.5764513979347687,3.250374491927572,-0.48847676659472233
-0.5186797648498355,-0.6763169653392743,2.1201009799576456,-0.2817180849095055,0.2237230618174885,-0.4413786928531618,0.6873880952182978,-0.851162917161813,-0.8639437743584684,-1.2963822520124666,0.2914544530292733,0.25880801251588986,0.24825523707609648,3.109060958860994,-2.320681713044114
0.5105659204221277,-0.6763169653392743,1.0222563953903143,-0.2817180849095055,0.2497876364612295,-1.0334916513117935,0.04808177875781,-0.8176332349276094,1.686963896247325,1.5521649145619538,0.7867394152388026,,0.47062046305265287,2.5416019934645457,-46.34483083894355
-0.42977377797424926,-0.6763169653392743,-0.7081211617423012,-0.2817180849095055,-0.4192031127281213,0.4474939668757129,0.414425847740786,-0.2436392696548261,-0.1682416823750701,-0.5872251122167427,-0.4739859431127292,0.3607194215000381,-1.1958270522839005,3.4372078191851885,-0.4056839791078479
0.5542095344475664,-0.6763169653392743,1.0222563953903143,-0.2817180849095055,1.6051455179357594,-0.9462921182371264,0.8849265637875495,-0.9346071830052912,1.686963896247325,1.5521649145619538,0.7867394152388026,0.3607194215000381,0.8662320772685642,2.624668592163159,28.90013278525747
-0.5301716787400221,-0.6763169653392743,0.4100808058501199,3.5496478698597693,-0.0456108761678339,0.1029151668225891,0.8310524359959354,-0.2003261390633336,-0.5160927283667692,-0.7719635267853766,-0.9242449996668476,0.33460929379406157,-0.3618880495930273,3.1780538303479458,-0.6999301034270315
-0.3801484582264744,-0.6763169653392743,1.5733598358552396,-0.2817180849095055,0.597315298377776,-0.932227677418632,0.913659431943077,-0.8573369379698108,-0.632043077030669,0.1874843682323674,1.236998471792921,0.3607194215000381,0.5660331423905764,2.72785282839839,2.7663854666818026
0.5505109461834553,-0.6763169653392743,1.0222563953903143,-0.2817180849095055,1.0751658335130272,0.1127602753955351,0.9459839086180452,-0.8628935566970088,1.686963896247325,1.5521649145619538,0.7867394152388026,,0.9325301247841552,2.3513752571634776,1.3948780783086732
-0.5245361624365066,-0.6763169653392743,0.4144431022126391,-0.2817180849095055,-1.0273765210820769,-0.7170417328956602,-0.4044608946917483,1.2038836550141427,-0.632043077030669,-0.6944925787404655,-1.1043486222884944,0.3607194215000381,0.3518475803971873,3.0587070727153796,-2.4543993213118385
-0.5460484473448723,-0.6763169653392743,-0.8549851392804476,-0.2817180849095055,-0.349697580344812,-0.3696500446788379,-1.2484888967603691,1.044926365442075,-0.5160927283667692,-1.0818473189650206,0.7867394152388026,0.3607194215000381,-1.026820274686259,3.095577608523707,-1.7162646079887822
0.2516022100218011,-0.6763169653392743,1.0222563953903143,-0.2817180849095055,-0.2019983240302797,1.0705486951350338,0.2779447240020304,-0.1778622018157723,1.686963896247325,1.5521649145619538,0.7867394152388026,0.347419028778764,-1.5036641047043846,3.258096538021482,0.7496394159716815
-0.5430277059614604,-0.6763169653392743,0.4144431022126391,-0.2817180849095055,-1.0273765210820769,0.3504493252280986,-0.655873491052614,1.0331007409713715,-0.632043077030669,-0.6944925787404655,-1.1043486222884944,0.3271307518928822,-1.294884747665913,3.3357695763397,-0.5142677816682695
0.030649221710514124,-0.6763169653392743,1.0222563953903143,-0.2817180849095055,1.8657912643731691,-1.3189997999272394,0.967533559734691,-0.7985887553583236,1.686963896247325,1.5521649145619538,0.7867394152388026,0.21985916410202702,-0.42426105682017623,3.0819099697950434,-4.865723787024277
0.5049323710653524,-0.6763169653392743,1.0222563953903143,-0.2817180849095055,1.1968005151838177,0.2407466868438384,1.0609153812401553,-0.9780627910000456,1.686963896247325,1.5521649145619538,0.7867394152388026,0.31976580821989203,0.46722103883104665,2.6461747973841225,1.2509925926220191
-0.5370028368146218,-0.6763169653392743,0.4144431022126391,-0.2817180849095055,-1.0273765210820769,-0.4090304789706228,-0.968343432243976,0.8157277160620943,-0.632043077030669,-0.6944925787404655,-1.1043486222884944,0.3607194215000381,-0.38158648346601376,3.122364924487357,-1.1751749523913977
1.0548903419299263,-0.6763169653392743,1.0222563953903143,-0.2817180849095055,0.9795957264859768,-3.040487356111008,1.1040146834734468,-1.2576509486668397,1.686963896247325,1.5521649145619538,0.7867394152388026,0.3607194215000381,1.48785920788849,2.6946271807700692,-0.7606834268849603
-0.5505418158030613,1.4113752454344106,-1.006211413181113,-0.2817180849095055,-1.0968820534653865,0.304036670527065,-1.4927182760823532,2.255984293164727,-0.632043077030669,-0.3250157496031977,-0.24885641483567,0.3235820334925298,-2.0097313911888075,3.1822118404966093,-0.24923819778153397
-0.5282657706591191,-0.6763169653392743,-0.1541095237023631,-0.2817180849095055,-0.0716754508115748,-0.5440491108281734,0.8490104785931402,-0.6799525709092575,-0.4001423797028695,0.1576878497535555,-0.2938823204910809,0.34468786550244856,0.3865872808852508,2.9856819377004897,0.34584393516585576
-0.542155936607,-0.6763169653392743,-1.2519541082696948,-0.2817180849095055,-0.5842787521384808,0.9566267245052262,-0.3900944606139845,-0.4540783942720445,-0.7479934256945686,-1.2665857335336546,-0.2938823204910809,0.3607194215000381,,3.6428355156125294,-0.6473313063092998
-0.4777666264654189,-0.6763169653392743,-0.1701046103649334,-0.2817180849095055,-0.0977400254553158,0.3757653187013889,0.6478804015044471,-0.0868191411316812,-0.632043077030669,-0.6051030233040298,-0.0237268865586108,0.35080193419829775,-0.6336565982175578,3.2108436531709366,-0.43983011861005333
-0.5413404094870843,-0.6763169653392743,-0.9713130422809596,-0.2817180849095055,-0.9839355633425086,-0.5651457720559164,-0.6091825802998819,2.0082160888929987,-0.7479934256945686,-0.3190564459074353,0.1563767360630374,0.055077657589491506,-0.008928607979065185,2.9014215940827497,-0.7337089659122774
1.1464877862837795,-0.6763169653392743,1.0222563953903143,-0.2817180849095055,0.901402002554754,-3.040487356111008,1.1040146834734468,-1.2381315444200156,1.686963896247325,1.5521649145619538,0.7867394152388026,0.11533574177233627,0.892168442574294,2.5572273113676265,-0.7606834268849603
-0.530790192507987,-0.6763169653392743,2.424007626546483,-0.2817180849095055,0.4669924251590711,-0.4455980250987104,0.5113992777656915,-0.7955967298898324,-0.632043077030669,1.820333580871261,0.7417135095833917,0.3607194215000381,0.08017387772495012,3.0492730404820207,3.2834182836296146
0.8125627936443478,-0.6763169653392743,1.0222563953903143,-0.2817180849095055,0.6581326392131716,-3.427259478619616,1.1040146834734468,-1.0802190891385324,1.686963896247325,1.5521649145619538,0.7867394152388026,,0.0776634297677195,3.1822118404966093,-0.6394721817894273
-0.48535102104181527,-0.6763169653392743,-0.7081211617423012,-0.2817180849095055,-0.4192031127281213,2.7385913762085217,0.0408985617189285,-0.0632628771257818,-0.1682416823750701,-0.5872251122167427,-0.4739859431127292,0.202431627294066,,3.8979240810486444,-0.1570712209827742
0.4654738904675801,-0.6763169653392743,1.0222563953903143,-0.2817180849095055,1.3705643461420909,-0.5117008969456357,0.3964678051435813,-0.4777296432134518,1.686963896247325,1.5521649145619538,0.7867394152388026,,0.4517789819433994,2.6741486494265287,3.1787175213982426
-0.4712156882065169,-0.6763169653392743,-0.1701046103649334,-0.2817180849095055,-0.0977400254553158,0.1155731635592337,-0.0740329109031816,-0.1199688836238541,-0.632043077030669,-0.6051030233040298,-0.0237268865586108,0.346840314104183,-0.3895758045672039,3.1822118404966093,-0.5424144673518767
-0.15923009878533445,-0.6763169653392743,1.237463015941261,-0.2817180849095055,0.4322396589674164,-0.6270293116572931,0.8095027848792895,-0.6473727380301305,-0.5160927283667692,-0.0151319574235536,-1.6896853958088487,0.3460129974546554,-0.1611006766389917,3.1654750481410856,-0.040571438712227945
-0.4871343438935912,-0.6763169653392743,1.5733598358552396,-0.2817180849095055,0.597315298377776,-0.5032622324545385,0.8705601297097856,-0.8635109587778086,-0.632043077030669,0.1874843682323674,1.236998471792921,0.1957210104873368,0.4483147882056791,2.91235066461494,0.37743127356469586
-0.5445380064692664,1.3584690664830146,-1.3886393942952964,-0.2817180849095055,-1.3140868421632272,1.1352451229001104,-1.1730651178521094,1.6735841610995164,-0.8639437743584684,-0.4561204309099702,-2.635229414572497,-0.06600079641566149,-0.8217948111883165,3.4436180975461075,-0.2136150205979457
-0.42050038306970977,0.3030063069580963,-1.0323851913562283,-0.2817180849095055,0.7971437039797902,1.4531014853980937,1.1040146834734468,-0.8978480129638273,-0.5160927283667692,-0.8434751711345252,-2.4551257919508496,0.2430614775079521,-1.1139450961786235,3.6109179126442243,-0.34384030834241847
-0.43732453026829105,-0.6763169653392743,-0.7081211617423012,-0.2817180849095055,-0.4192031127281213,2.865171343574975,0.1450552087827155,0.0253105752351101,-0.1682416823750701,-0.5872251122167427,-0.4739859431127292,0.26681325700684944,,3.754198920234579,-0.1519273170626393
-0.5181958828336026,-0.6763169653392743,-0.1541095237023631,-0.2817180849095055,-0.0716754508115748,-0.5229524496004316,0.6802048781794158,-0.6278533337833068,-0.4001423797028695,0.1576878497535555,-0.2938823204910809,-0.19095950114548257,0.3441749402733278,2.9601050959108397,0.3305495429574648
-0.5397688741310954,-0.6763169653392743,2.1201009799576456,-0.2817180849095055,0.2237230618174885,-0.6045262063477014,0.0157573020828418,-0.7254028625496726,-0.8639437743584684,-1.2963822520124666,0.2914544530292733,0.29542632216095893,0.20050678885806583,3.1354942159291497,-3.278048439164716
0.5246899835382899,-0.6763169653392743,1.0222563953903143,3.5496478698597693,1.8657912643731691,-0.1235223303551784,1.0106328619679823,-0.7897551563561115,1.686963896247325,1.5521649145619538,0.7867394152388026,0.19070666623288834,0.5072707407823698,2.9338568698359038,1.770912104573005
-0.4886130947746497,-0.6763169653392743,-0.7081211617423012,-0.2817180849095055,-0.4452676873718622,2.765313813763662,0.3246356347547625,-0.4230183203610401,-0.1682416823750701,-0.5872251122167427,-0.4739859431127292,0.2590788984791529,,3.824284091120139,-0.15595648630141007
0.8412706994887079,-0.6763169653392743,1.0222563953903143,-0.2817180849095055,0.3627341265841071,0.5023452860678423,1.1040146834734468,-1.0721928620881354,1.686963896247325,1.5521649145619538,0.7867394152388026,,0.7666097482433444,2.9014215940827497,1.0331612372708985
0.4995216638212393,-0.6763169653392743,1.0222563953903143,-0.2817180849095055,1.1968005151838177,-0.1502447679103188,0.8382356530348168,-0.946955224621287,1.686963896247325,1.5521649145619538,0.7867394152388026,0.3607194215000381,0.285694450169755,2.6946271807700692,1.8266023625943877
-0.5000514071027677,-0.6763169653392743,1.5733598358552396,-0.2817180849095055,0.597315298377776,-0.8534668088350608,0.9603503426958092,-0.948332506186148,-0.632043077030669,0.1874843682323674,1.236998471792921,0.32086977001460626,0.47316246895689995,2.8449093838194073,1.2794669026304974
-0.5522102046726328,1.0414905325291752,-1.2824901828073292,-0.2817180849095055,-1.4444097153819322,0.215430693370548,-1.3418707182658338,1.672776789147701,-0.979894123022368,-0.6289402380870793,-1.419529961876377,0.34277990666024105,-0.9466815855614228,3.1354942159291497,-0.517462856185527
0.6684914067196782,-0.6763169653392743,1.0222563953903143,-0.2817180849095055,1.414005303881659,0.1563600419328686,1.1040146834734468,-0.9148028239519445,1.686963896247325,1.5521649145619538,0.7867394152388026,-0.6536604024734942,0.27026475950539214,2.8735646395797834,1.3422851519216221
-0.5266073840678251,-0.6763169653392743,-0.3649538478907909,-0.2817180849095055,-0.3062566226052437,-0.2430700773123845,0.5724566225961876,-0.7896601714206039,-0.5160927283667692,-0.1283587276430389,1.1019207548266852,0.28263402181152253,0.1688897065732985,3.0633909220278057,-0.1695780861552919
0.5395749715500097,-0.6763169653392743,1.0222563953903143,-0.2817180849095055,1.257617856019213,-1.0742785296854298,1.1040146834734468,-1.0470693466463596,1.686963896247325,1.5521649145619538,0.7867394152388026,0.3607194215000381,0.906535942218226,2.509599262378372,-20.89654872189023
-0.5471103345960749,0.6871293676748361,-0.7284785447673909,-0.2817180849095055,-1.0195571486889543,-0.3780887091699351,-1.6507490509377547,1.3561919991006737,-0.979894123022368,-0.6051030233040298,-0.6991154713897885,0.02860170852907616,-1.0975291498796094,3.0155349008501706,-0.9729732073145011
-0.4856840165201107,-0.6763169653392743,1.5733598358552396,-0.2817180849095055,0.597315298377776,-0.6720355222764767,0.9388006915791636,-0.6246238459760464,-0.632043077030669,0.1874843682323674,1.236998471792921,0.2914135005494634,0.2713008454461711,2.9652730660692823,0.5716605942623402
0.5428480609234393,-0.6763169653392743,1.0222563953903143,-0.2817180849095055,0.6581326392131716,-0.1178965540277798,1.1040146834734468,-1.24240586651786,1.686963896247325,1.5521649145619538,0.7867394152388026,0.07198391359173487,-0.5716282877036195,3.9318256327243257,1.7596177881962787
-0.528392156498885,-0.6763169653392743,-0.604880147829347,-0.2817180849095055,-0.9318064140550268,-0.3246438340596543,-1.0509504281911175,0.9193562807009504,-0.7479934256945686,-1.0282135857031591,-0.24885641483567,0.29751359325163235,-0.5668283282506793,3.100092288878234,-1.5224760468004392
0.07311735814279201,-0.6763169653392743,1.0222563953903143,-0.2817180849095055,-0.2019983240302797,-0.0996127809637367,0.7699950911654393,-0.3257062539334435,1.686963896247325,1.5521649145619538,0.7867394152388026,0.34783219145212657,0.01811208851756986,3.0252910757955354,1.7238859923215326
-0.5468570954560062,1.3584690664830146,-1.1196311186066124,-0.2817180849095055,-1.3662159914507093,-0.0138196919709182,-1.8482875195070063,1.3423241985165555,-0.632043077030669,-0.4084460013438711,-1.059322716633082,0.3607194215000381,,3.1986731175506815,-0.41416969900784745
-0.551336863318247,1.4616224479280817,-1.4337164567079947,3.5496478698597693,-1.340151416806968,2.282903493689289,-1.5968749231461403,0.9972914202849844,-0.979894123022368,-1.2367892150548427,-2.184970358018379,0.3494006546373933,,3.9318256327243257,-0.3767363912561905
-0.5422520503589352,-0.6763169653392743,-0.9567720544058956,-0.2817180849095055,-0.9231182225071132,0.4643712958579061,-0.4727014565611261,0.3099329344838104,-0.7479934256945686,-0.9447833339624858,0.0212990190968016,0.3224810635228169,-1.8507724999875421,3.3178157727231046,-0.6451801784389538
-0.5325697602670517,0.5747246970790703,-0.8927917077556141,-0.2817180849095055,-1.1055702450132998,0.0818185055948461,-0.5876329291832363,1.5436922617927924,-0.4001423797028695,-0.6289402380870793,-0.8341931883560227,0.1413666313148461,-0.2304730643565075,3.1441522786722644,-0.5813731553253951
-0.5425361739036367,-0.6763169653392743,-1.2519541082696948,-0.2817180849095055,-0.5842787521384808,2.153510638159137,-0.5624916695471496,-0.278261278647368,-0.7479934256945686,-1.2665857335336546,-0.2938823204910809,0.3252734700908383,,3.9318256327243257,-0.40164308254023345
0.6992326355525159,-0.6763169653392743,1.0222563953903143,-0.2817180849095055,1.257617856019213,-1.777500570610172,0.9962664278902184,-0.9570236277850988,1.686963896247325,1.5521649145619538,0.7867394152388026,0.3607194215000381,1.0145992156315518,2.3702437414678603,-1.9963521227307082
-0.28596052534728683,-0.6763169653392743,1.237463015941261,-0.2817180849095055,2.743298610712448,0.2955980060359678,1.1040146834734468,-0.9589708189630056,-0.5160927283667692,-0.0151319574235536,-1.6896853958088487,0.051750705613433125,-1.294884747665913,3.190476350346503,-0.011679515832114915
-0.5345008525359148,0.036220300493188265,-0.4652866642287325,-0.2817180849095055,-0.271503856413589,-0.577803768792561,-1.0868665133855269,0.7911266177656106,-0.5160927283667692,-0.5633878974336931,-1.4645558675317891,0.30711095184734183,0.3393494725003766,3.122364924487357,-1.3344219009782727
-0.54079638304512,-0.6763169653392743,-0.7430195326424549,-0.2817180849095055,-0.4887086451114305,-0.1284448846416513,-0.0381168257087722,-0.2017509130959485,-0.5160927283667692,-0.7540856156980894,0.3364803586846842,0.3607194215000381,-0.5361779109983312,2.990719731730447,-0.8652185070224038
-0.40000787527474585,-0.6763169653392743,-0.4260259969660597,-0.2817180849095055,-0.1498691747427978,0.2745013448082261,0.9028846063847542,0.3180066540019612,-0.632043077030669,-0.5872251122167427,1.1469466604820977,0.28483612824323395,0.008730791916738515,2.9652730660692823,-0.46074891533763135
-0.3225939351083601,-0.6763169653392743,1.237463015941261,-0.2817180849095055,0.4322396589674164,-0.5974939859384542,0.9100678234236356,-0.6455205317877313,-0.5160927283667692,-0.0151319574235536,-1.6896853958088487,-1.5577889508208713,0.2071537534569678,2.91235066461494,-0.03759436354965823
-0.01332259114528057,-0.6763169653392743,1.237463015941261,3.5496478698597693,2.743298610712448,-1.2613355925714111,1.1040146834734468,-1.16997985319327,-0.5160927283667692,-0.0151319574235536,-1.6896853958088487,0.3607194215000381,1.069219096341566,2.667228206581955,0.05790239773565754
0.7220051611800973,-0.6763169653392743,1.0222563953903143,-0.2817180849095055,0.901402002554754,-0.9730145557922668,1.1040146834734468,-1.1872671114556643,1.686963896247325,1.5521649145619538,0.7867394152388026,-0.3912756039768211,-0.08581608590851171,3.3638415951183864,57.51859790090658
-0.5483280653464739,0.7881662664126194,-1.4279000615579691,-0.2817180849095055,-1.0968820534653865,0.8989625171493969,-1.2484888967603691,2.377944950356561,-0.979894123022368,-0.4203646087353959,0.5616098869617434,0.3015020593911121,-2.6566259044745912,3.3178157727231046,-0.22136540607785182
-0.47008430493121656,-0.6763169653392743,-0.7081211617423012,3.5496478698597693,-0.4192031127281213,-0.1910316462839537,0.7915447422820847,-0.350069889891158,-0.1682416823750701,-0.5872251122167427,-0.4739859431127292,0.34708837568960366,0.7816413058392322,3.122364924487357,-0.725893799824539
-0.5285290925198862,-0.6763169653392743,-1.1894278604069195,-0.2817180849095055,-0.9578709886987676,0.4573390754486588,-0.4116441117306302,-0.1376835740960325,-0.8639437743584684,-0.7719635267853766,-0.2038305091802575,-0.021159389040314454,-1.7520658009947212,3.380994674344636,-0.5297075607114416
-0.5452425949759458,0.333750563153537,-0.7895506938426597,-0.2817180849095055,-1.0100001379862495,-0.2599474062945777,-0.2248804687197012,1.4388288929923372,-0.632043077030669,-0.9686205487455354,-0.7441413770451993,0.33653289064429964,-0.5959798842205126,3.068052935133617,-1.308853663893913
-0.5303742895804732,0.5747246970790703,-0.8927917077556141,-0.2817180849095055,-1.1055702450132998,0.8398918657117188,-0.5373504099110632,1.2115299423225092,-0.4001423797028695,-0.6289402380870793,-0.8341931883560227,0.31354389906366115,-0.2034749959234054,3.1354942159291497,-0.3418354359884017
2.4531173811630924,-0.6763169653392743,1.0222563953903143,-0.2817180849095055,1.005660301129718,0.9397493955230318,0.8130943933987307,-1.124909501294886,1.686963896247325,1.5521649145619538,0.7867394152388026,0.3607194215000381,0.47485355675699764,2.4336133554004498,0.8001883738922005
0.8998424254490316,-0.6763169653392743,1.0222563953903143,-0.2817180849095055,1.6051455179357594,-0.2079089752661469,1.1040146834734468,-0.8885394892840768,1.686963896247325,1.5521649145619538,0.7867394152388026,,1.0518164819598832,2.272125885509337,1.9595789702117756
-0.5403166053747073,-0.6763169653392743,-1.0207524010561773,-0.2817180849095055,-0.3931385380843803,0.7878534346832881,0.1845629024965661,-0.4130923946004899,-0.5160927283667692,-0.6527774528701289,-0.8341931883560227,0.3137148791153126,-1.5602221444869098,3.4307561839036995,-0.36511799021476615
-0.5273920389877276,-0.6763169653392743,-0.604880147829347,-0.2817180849095055,-0.9318064140550268,0.6612734673168333,-2.3834371889037063,0.9193562807009504,-0.7479934256945686,-1.0282135857031591,-0.24885641483567,0.2623238193479117,,3.3178157727231046,-0.6189309622598465
0.43690103170358735,-0.6763169653392743,1.0222563953903143,-0.2817180849095055,0.8666492363630994,-0.127741662600727,-0.1386818642531185,-0.3902485176108978,1.686963896247325,1.5521649145619538,0.7867394152388026,0.3607194215000381,0.06374216735720149,3.109060958860994,1.779478450375025
0.2651157706850204,-0.6763169653392743,1.0222563953903143,-0.2817180849095055,1.1968005151838177,0.1479213774417727,0.9603503426958092,-1.001286607731668,1.686963896247325,1.5521649145619538,0.7867394152388026,0.3607194215000381,0.6424701413078481,2.6026896854443837,1.352152634373852
-0.5061022012039547,-0.6763169653392743,-0.0697717940269919,-0.2817180849095055,-0.5755905605905671,0.0368122949756625,-0.601999363261,0.2706091711836393,-0.632043077030669,-0.7660042230896142,0.0663249247522141,0.3440246404535814,-0.2741732501792609,3.2347491740244907,-0.7388070403887282
-0.5414108345429064,0.3030063069580963,-1.125447513756638,3.5496478698597693,-0.9761161909493864,1.891912038935132,-0.7025644018053462,0.6776196198339581,-0.5160927283667692,-1.1295217485311198,-1.5996335844980245,0.18430588158240027,,3.8501476017100584,-0.3905795658110803
-0.5442105097301408,1.3584690664830146,-1.0803704513439394,-0.2817180849095055,-1.418345140738191,-0.2697925148675248,-1.3382791097463929,2.581307697278459,-0.979894123022368,-0.5395506826506435,-0.9242449996668476,0.32746806919890803,-1.816776139747673,3.131136910560194,-0.7389005092884765
0.3691266572472345,-0.6763169653392743,1.0222563953903143,-0.2817180849095055,1.414005303881659,-0.4132498112161714,0.9352090830597224,-0.9073465065145933,1.686963896247325,1.5521649145619538,0.7867394152388026,-0.6263724964229241,0.3383815784235662,2.7212954278522306,2.6453590373429
-0.5397560902143765,-0.6763169653392743,-1.292668874319874,-0.2817180849095055,-0.8449244985758901,1.1915028861740895,-0.5409420184305039,1.0814480731447702,-0.7479934256945686,-1.0937659263565451,0.1113508304076249,0.3607194215000381,,3.616308761279101,-0.49909399310262104
-0.5512571145876337,1.4616224479280817,-1.0643753646813692,-0.2817180849095055,-1.400968757642364,1.6232812193018806,-1.259263722318692,1.2115299423225092,-0.7479934256945686,-0.9626612450497728,-1.149374527943906,0.2706581187138148,,3.8066624897703196,-0.3669683745557255
-0.4981631636337397,-0.6763169653392743,-0.2006406849025679,-0.2817180849095055,0.2584758280091432,-0.711415956568263,0.04808177875781,-0.4238256923128552,-0.4001423797028695,-0.0866436017727022,0.3364803586846842,0.3607194215000381,0.17003627086532927,2.9601050959108397,-0.30023698033462914
-0.5229363205390418,-0.6763169653392743,-0.3649538478907909,-0.2817180849095055,-0.3062566226052437,0.6007963717973066,0.3821013710658179,-0.4783945377620053,-0.5160927283667692,-0.1283587276430389,1.1019207548266852,0.3431119871943222,-0.5984479792746795,3.349904087274605,-0.08018429445771616
-0.47517864949466904,-0.6763169653392743,-0.7081211617423012,-0.2817180849095055,-0.4452676873718622,2.4474574512656773,0.6191475333489197,-0.270425021467986,-0.1682416823750701,-0.5872251122167427,-0.4739859431127292,0.2798966579146691,,3.653252276470785,-0.17033570987254756
0.8608947386893313,-0.6763169653392743,1.0222563953903143,-0.2817180849095055,1.6051455179357594,0.2266822460253438,0.8633769126709036,-0.8465561477896913,1.686963896247325,1.5521649145619538,0.7867394152388026,,0.5434142899177544,2.3608540011180215,1.265335762045329
-0.5246431894463791,-0.6763169653392743,-0.0697717940269919,-0.2817180849095055,-0.5755905605905671,0.1057280549862878,-1.32750428418807,0.0761275157317076,-0.632043077030669,-0.7660042230896142,0.0663249247522141,0.26591698043145334,-0.6083817292298039,3.370738174177447,-0.6927600503897077
0.6010216057329418,-0.6763169653392743,1.0222563953903143,-0.2817180849095055,0.2497876364612295,0.7498794444733518,0.899292997865313,-0.8059025953924134,1.686963896247325,1.5521649145619538,0.7867394152388026,,0.6650752260594995,2.714694743820879,0.8870124850395608
-0.1488656562033752,-0.6763169653392743,1.237463015941261,-0.2817180849095055,0.4322396589674164,-0.5904617655292069,1.0070412534485411,-0.6631877297921558,-0.5160927283667692,-0.0151319574235536,-1.6896853958088487,-0.14637397499592594,-0.1007268029019043,3.0007198150650303,-0.036948827117710206
-0.5370283345122387,-0.6763169653392743,-1.1894278604069195,-0.2817180849095055,-0.9578709886987676,2.1380397532587927,-1.1622902922937868,-0.1376835740960325,-0.8639437743584684,-0.7719635267853766,-0.2038305091802575,0.33284972879146996,,3.8022081394209395,-0.24600183155223182
-0.5467905771649215,1.3584690664830146,-0.8898835101806012,-0.2817180849095055,-1.253269501327832,0.4643712958579061,-1.6471574424183135,0.6324067905323123,-0.632043077030669,-0.9567019413540104,0.3364803586846842,0.3607194215000381,,3.3638415951183864,-0.6533192394989714
-0.5126480037256568,-0.6763169653392743,-0.0697717940269919,-0.2817180849095055,-0.5755905605905671,-0.165715652810662,-0.964751823724535,0.0761275157317076,-0.632043077030669,-0.7660042230896142,0.0663249247522141,0.3336880030297314,-0.586167971613028,3.258096538021482,-0.9181572513858662
-0.518118733638662,0.448066110800114,-0.8637097320054861,-0.2817180849095055,-0.8883654563154584,-0.4695075744901508,0.8669685211903448,1.4406336067669827,-0.1682416823750701,-0.7242890972192775,0.5616098869617434,0.19408447039174698,0.20825729806002075,2.833213344056216,-1.365314681963975
-0.5061887303241439,-0.6763169653392743,-0.604880147829347,-0.2817180849095055,-0.9318064140550268,-0.3794951532517838,0.5832314481545103,0.904396153358494,-0.7479934256945686,-1.0282135857031591,-0.24885641483567,0.32620254217875977,0.6008938454820912,2.8678989020441064,-1.657059716924951
-0.29210060810752636,-0.6763169653392743,-0.4260259969660597,-0.2817180849095055,-0.1498691747427978,-0.4920106797997426,0.4575251499740774,0.0973091563499157,-0.632043077030669,-0.5872251122167427,1.1469466604820977,,1.1098793562615477,2.653241964607215,-1.1559792477236515
-0.43673812624375696,0.3030063069580963,-1.0323851913562283,-0.2817180849095055,0.1715939125300066,2.808913580300997,-0.0812161279420636,-0.6475627079011459,-0.5160927283667692,-0.8434751711345252,-2.4551257919508496,0.2544638276951966,-1.270394245876388,3.9318256327243257,-0.22144770506131306
-0.5037687406722217,-0.6763169653392743,-0.5365375048165462,-0.2817180849095055,-0.5408377943989126,-0.3049536169137612,-0.9180609129718028,0.7745042540517701,-0.5160927283667692,-0.7064111861319904,0.5165839813063325,0.3607194215000381,0.0073833933123524575,3.1441522786722644,-1.0163511433514525
-0.5507399798874208,1.5094652041369507,-1.3959098882328282,-0.2817180849095055,-1.322775033711141,1.174625557191895,-1.988360251765203,1.837148220043705,-0.7479934256945686,-0.021091261119316,-0.6540895657343759,0.25228463774948295,,3.5234150143864045,-0.009698801271585924
0.14336456380033705,-0.6763169653392743,1.0222563953903143,-0.2817180849095055,1.3705643461420909,-0.4554431336716563,0.6694300526210931,-0.5720496841725571,1.686963896247325,1.5521649145619538,0.7867394152388026,,0.6164132600282054,2.617395832834079,2.8503265876112684
-0.36670399892851036,-0.6763169653392743,-0.4260259969660597,-0.2817180849095055,-0.1498691747427978,-0.3555856038603433,0.7017545292960613,0.3173892519211616,-0.632043077030669,-0.5872251122167427,1.1469466604820977,-0.9796823586872178,0.4807499443550421,2.760009940032921,-0.9112538697684215
1.6747267756462159,-0.6763169653392743,1.0222563953903143,-0.2817180849095055,1.1968005151838177,-1.191013388478936,1.1040146834734468,-1.0901925073668366,1.686963896247325,1.5521649145619538,0.7867394152388026,0.3607194215000381,1.231154713637881,1.791759469228055,-8.125948274736349
-0.4447157105814849,-0.6763169653392743,-0.7081211617423012,-0.2817180849095055,-0.4452676873718622,-0.448410913262409,-0.0417084342282135,-0.0539543534460312,-0.1682416823750701,-0.5872251122167427,-0.4739859431127292,0.1966824315234341,-0.1595062147880058,3.2308043957334744,-1.0646061104833007
-0.44411333969546773,0.3030063069580963,-1.0323851913562283,-0.2817180849095055,0.7971437039797902,1.270263754757661,0.4503419329351954,-0.7945518955992482,-0.5160927283667692,-0.8434751711345252,-2.4551257919508496,0.3267089451900591,-0.5572969800951361,3.5496173867804286,-0.3715317964121583
1.255973164420557,-0.6763169653392743,1.0222563953903143,-0.2817180849095055,1.005660301129718,0.1127602753955351,0.967533559734691,-1.1393472114920502,1.686963896247325,1.5521649145619538,0.7867394152388026,0.3607194215000381,0.9114615995669687,2.6461747973841225,1.3948780783086732
-0.544700724467088,1.0034798846238036,-0.8360818550428644,-0.2817180849095055,-1.3053986506153137,0.0213414100753193,-0.8498203511024248,1.67747854345533,-0.4001423797028695,-0.6706553639574161,-0.8341931883560227,0.3607194215000381,-1.1958270522839005,3.1484533605716547,-0.6566417040781283
-0.22057669142482283,-0.6763169653392743,1.237463015941261,3.5496478698597693,0.4322396589674164,2.112723759785501,1.03936573012351,-0.8284615175754824,-0.5160927283667692,-0.0151319574235536,-1.6896853958088487,0.29942310537296946,,3.9318256327243257,-0.004861323583881516
0.8338914954676042,-0.6763169653392743,1.0222563953903143,-0.2817180849095055,1.3705643461420909,-0.1291481066825757,0.9244342575013996,-0.742262688602282,1.686963896247325,1.5521649145619538,0.7867394152388026,,0.285694450169755,2.5416019934645457,1.782352345413334
-0.5019678420178704,-0.6763169653392743,1.5733598358552396,-0.2817180849095055,0.597315298377776,-0.6228099794117445,1.03936573012351,-1.005180990087482,-0.632043077030669,0.1874843682323674,1.236998471792921,0.3202754804925277,0.7729003788595092,2.6602595372658615,0.49705548397057747
-0.531011937344594,0.448066110800114,-0.8637097320054861,-0.2817180849095055,-0.8883654563154584,0.2196500256160966,-0.0524832597865362,1.6339279505250688,-0.1682416823750701,-0.7242890972192775,0.5616098869617434,0.3607194215000381,-1.6912895999120812,3.1441522786722644,-0.5938499422024024
-0.44069773629585646,-0.6763169653392743,1.5733598358552396,-0.2817180849095055,0.597315298377776,-0.1284448846416513,1.03936573012351,-0.7952167901478018,-0.632043077030669,0.1874843682323674,1.236998471792921,0.3423646508548245,0.4535065889413583,2.9496883350525844,0.21511475858331838
-0.48657052667018996,-0.6763169653392743,1.5733598358552396,-0.2817180849095055,0.597315298377776,0.184488923569859,1.0609153812401553,-0.9368393289897212,-0.632043077030669,0.1874843682323674,1.236998471792921,0.3607194215000381,0.3079025338753886,2.9444389791664403,0.1582829222812145
0.16115821144371795,-0.6763169653392743,1.0222563953903143,-0.2817180849095055,0.2410994449133159,-0.5553006634829692,-0.5768581036249133,-0.3005352460239139,1.686963896247325,1.5521649145619538,0.7867394152388026,0.2872967440466492,-0.19188874225546337,3.0726933146901194,3.490369305964796
-0.5099103793071144,0.036220300493188265,-0.4652866642287325,-0.2817180849095055,-0.271503856413589,-0.940666341909728,1.1040146834734468,1.090899074227782,-0.5160927283667692,-0.5633878974336931,-1.4645558675317891,0.2732428431318114,1.20463298013905,2.8622008809294686,-9.495249670541764
-0.4910169336651424,-0.6763169653392743,-0.5365375048165462,-0.2817180849095055,-0.5408377943989126,0.0171220778297707,-1.449618973849062,0.7745042540517701,-0.5160927283667692,-0.7064111861319904,0.5165839813063325,0.3607194215000381,-2.2490405547339996,3.1780538303479458,-0.6945195680338166
0.4541199717646156,-0.6763169653392743,1.0222563953903143,-0.2817180849095055,0.2497876364612295,-1.2275809346070234,0.9388006915791636,-0.6436683255453318,1.686963896247325,1.5521649145619538,0.7867394152388026,-0.08785677050805996,0.5504888401418455,2.6946271807700692,-6.820276563334106
-0.5503673777514856,0.22173729754795898,-1.4089967773203858,-0.2817180849095055,-1.208959724433472,1.1310257906545618,-0.3505867669001342,2.5825425014400585,-0.7479934256945686,-1.1295217485311198,0.0663249247522141,0.33041475214448673,-1.0117637733347027,3.5263605246161616,-0.530036639389605
-0.5450712207768518,1.2434381157183811,-1.2839442815948354,-0.2817180849095055,-1.348839608354882,0.8033243195836325,-0.785171397752488,1.919975083806384,-0.5160927283667692,-0.2833006237328609,-1.6446594901534362,0.31020393151996406,-2.357738369853829,3.250374491927572,-0.15709909784739767
-0.4253438913357614,-0.6763169653392743,-0.4260259969660597,-0.2817180849095055,-0.1498691747427978,-0.2866698438497181,0.547315362960101,0.321426111680237,-0.632043077030669,-0.5872251122167427,1.1469466604820977,0.21260303902836597,-0.40983290338716005,2.954910279033736,-0.8232164407374756
-0.12990915608735293,-0.6763169653392743,1.237463015941261,-0.2817180849095055,2.743298610712448,-1.4455797672936928,0.8885181723069903,-0.9729810969503856,-0.5160927283667692,-0.0151319574235536,-1.6896853958088487,,0.3801068027145387,2.6461747973841225,0.03396015379122847
-0.5473400221522027,1.302606694936739,-1.180703267681881,-0.2817180849095055,-1.1055702450132998,1.018510264106603,-1.9201196898958253,0.7674753688242033,-0.7479934256945686,-0.914986815483674,-0.0687527922140217,0.35022517451676366,,3.580737295494233,-0.45329807420555723
1.0271994955185006,-0.6763169653392743,1.0222563953903143,-0.2817180849095055,1.005660301129718,-0.1080514454548339,1.1040146834734468,-1.1393472114920502,1.686963896247325,1.5521649145619538,0.7867394152388026,0.33460929379406157,0.8013382382308291,2.4159137783010487,1.7401955602175438
0.10831954126306682,-0.6763169653392743,1.0222563953903143,-0.2817180849095055,0.2150348702695749,-0.1868123140384051,0.5293573203628962,-0.3570037901832172,1.686963896247325,1.5521649145619538,0.7867394152388026,0.3607194215000381,0.39394247943882627,3.039749158970765,1.9087412922719285
1.0683275605303841,-0.6763169653392743,1.0222563953903143,-0.2817180849095055,0.3627341265841071,-2.3513297560047604,1.1040146834734468,-1.0596548506011243,1.686963896247325,1.5521649145619538,0.7867394152388026,,1.3708302196108784,2.9391619220655967,-1.1486203923688971
-0.5447649625449592,-0.6763169653392743,0.4100808058501199,3.5496478698597693,-0.0456108761678339,-0.579210212874411,-0.476293065080567,-0.3196272180609534,-0.5160927283667692,-0.7719635267853766,-0.9242449996668476,0.3267089451900591,0.10003375372009138,3.190476350346503,-1.834558609558117
-0.5100882421181803,0.3030063069580963,-1.125447513756638,-0.2817180849095055,-0.9761161909493864,0.7203441187545128,-1.3310958927075107,0.1498833181534048,-0.5160927283667692,-1.1295217485311198,-1.5996335844980245,0.3607194215000381,,3.586292865338835,-0.656567332208434
0.7720830394551107,-0.6763169653392743,1.0222563953903143,-0.2817180849095055,1.6051455179357594,-0.6270293116572931,0.9818999938124544,-0.897373088286289,1.686963896247325,1.5521649145619538,0.7867394152388026,,0.9169062463096459,2.468099531471619,4.16162707439287
1.1978255197064822,-0.6763169653392743,1.0222563953903143,-0.2817180849095055,1.6051455179357594,-0.6776612986038753,0.8310524359959354,-0.9113358738059149,1.686963896247325,1.5521649145619538,0.7867394152388026,0.3152523854649944,0.8212523514010265,2.4423470353692043,4.815322850899263
-0.548022956530155,-0.6763169653392743,-0.8549851392804476,-0.2817180849095055,-0.349697580344812,-0.569365104301465,-0.3469951583806931,0.8690617573496449,-0.5160927283667692,-1.0818473189650206,0.7867394152388026,0.34352693284427216,-0.35025259239254813,2.970414465569701,-2.512214708494886
-0.44790210314155227,-0.6763169653392743,-0.7081211617423012,3.5496478698597693,-0.4192031127281213,0.465777739939756,0.2599866814048256,0.1723472554009661,-0.1682416823750701,-0.5872251122167427,-0.4739859431127292,0.28931344457794184,-0.5692254280285707,3.261935314328648,-0.400623570829284
-0.5015186363305791,-0.6763169653392743,-0.0697717940269919,-0.2817180849095055,-0.5755905605905671,-0.7268868414686062,0.12350555766607,0.2706091711836393,-0.632043077030669,-0.7660042230896142,0.0663249247522141,0.29786104859123147,0.5442028271596092,3.1570004211501135,-2.8047137208936914
-0.5086806826513107,-0.6763169653392743,-0.0697717940269919,3.5496478698597693,-0.5755905605905671,-0.6931321835042186,-0.5553084525082679,-0.0629304298515049,-0.632043077030669,-0.7660042230896142,0.0663249247522141,0.310889963110625,0.3698375769714859,3.152736022363656,-2.496202540353868
-0.5269964791237612,-0.6763169653392743,0.4144431022126391,-0.2817180849095055,-1.0273765210820769,0.5318806117866813,-1.3706035864213613,1.0331007409713715,-0.632043077030669,-0.6944925787404655,-1.1043486222884944,0.3607194215000381,-2.1053750717300437,3.3877743613300146,-0.453359467700591
0.11647615867850061,-0.6763169653392743,1.0222563953903143,-0.2817180849095055,0.2497876364612295,-0.41746914346172,0.9064762149041948,-0.5911891486773505,1.686963896247325,1.5521649145619538,0.7867394152388026,-0.40521245373261666,0.7729003788595092,3.0007198150650303,2.664519651003167
-0.5093211762537956,0.36357773505602514,-0.7575605205175189,-0.2817180849095055,-1.079505670369559,0.1943340321428049,-2.16794067773725,1.7152350553196247,-0.2841920310389698,-0.4501611272142078,0.2914544530292733,0.18430588158240027,,3.250374491927572,-0.37691392449611005
-0.5168435069227728,-0.6763169653392743,-0.2006406849025679,-0.2817180849095055,0.2584758280091432,-1.0278658749843963,0.1522384258215975,-0.6578685734037268,-0.4001423797028695,-0.0866436017727022,0.3364803586846842,0.3514606810485296,0.2785235445665322,2.917770732084279,3.109308493676187
0.9197672604541808,-0.6763169653392743,1.0222563953903143,-0.2817180849095055,0.2150348702695749,-0.5257653377641303,0.0624482128355739,-0.4163693748755041,1.686963896247325,1.5521649145619538,0.7867394152388026,0.09978801959060661,0.5497052460452663,3.0007198150650303,3.272989172162103
-0.533183409458411,0.665636550415435,-0.7241162484048717,-0.2817180849095055,-1.0621292872737316,0.9594396126689247,-1.851879128026447,0.810503544609173,-0.2841920310389698,-0.4561204309099702,-1.059322716633082,0.3065084266130463,,3.529297384289471,-0.23278106044242675
-0.5412358480984903,0.7881662664126194,-1.4279000615579691,-0.2817180849095055,-1.0968820534653865,0.2674691243989788,-0.8929196533357162,2.377944950356561,-0.979894123022368,-0.4203646087353959,0.5616098869617434,0.3607194215000381,-2.496056736701718,3.173878458937465,-0.33165668547131555
-0.5351644672659477,0.3030063069580963,-0.597609653891815,3.5496478698597693,-0.7927953492884081,-0.5342040022552275,-0.2787545965113153,0.0628771172283892,-0.7479934256945686,-1.087806622660783,0.0663249247522141,0.3143130791818552,0.11709337903440806,3.077312260546414,-2.335371338370395
-0.5471554093014491,1.385271998131699,-1.31448035613247,-0.2817180849095055,-1.2185167351361774,-0.1938445344476523,-1.1084161645021726,1.1801374211372275,-0.8639437743584684,-0.3428936606904848,-1.6896853958088487,0.3348604076731388,-1.275244598382124,3.2228678461377385,-0.42534433535787897
-0.2796427034072723,-0.6763169653392743,1.237463015941261,-0.2817180849095055,0.4322396589674164,1.6725067621666128,0.77358669968488,-0.8616112600676554,-0.5160927283667692,-0.0151319574235536,-1.6896853958088487,0.1582850020937611,,3.9318256327243257,-0.005662083867389752
-0.5206970703828114,-0.6763169653392743,-0.604880147829347,-0.2817180849095055,-0.9318064140550268,-0.1249287744370271,-2.2541392822038326,0.9193562807009504,-0.7479934256945686,-1.0282135857031591,-0.24885641483567,0.34061869100220604,-1.270394245876388,3.246490991901174,-1.1750055945922149
-0.539526007655308,-0.6763169653392743,0.4100808058501199,-0.2817180849095055,-0.0456108761678339,0.4812486248401005,0.5688650140767464,-0.1728754927016202,-0.5160927283667692,-0.7719635267853766,-0.9242449996668476,0.3265401726784678,-0.5338586444433147,3.391147045808654,-0.5211572951628627
0.8511547157564799,-0.6763169653392743,1.0222563953903143,-0.2817180849095055,1.1968005151838177,0.0607218443671042,1.1040146834734468,-1.0500613721148508,1.686963896247325,1.5521649145619538,0.7867394152388026,0.3607194215000381,0.7081390486558111,2.1041341542702074,1.4633100306217193
-0.5351581046506844,0.8799249840403461,-1.1094524270940676,-0.2817180849095055,-1.0273765210820769,0.91583984613159,-1.7153980042876915,1.279776618484762,-0.5160927283667692,-0.0449284759023655,-1.4645558675317891,0.1902231900388255,,3.6375861597263857,-0.02345106037599323
-0.4817396016237738,-0.6763169653392743,-0.1701046103649334,-0.2817180849095055,-0.0977400254553158,-0.4610689099990536,0.2671698984437077,-0.324186494965321,-0.632043077030669,-0.6051030233040298,-0.0237268865586108,0.3553220795486872,-0.47101135034745784,3.0587070727153796,-1.1227836629409655
-0.4217985298036851,0.3030063069580963,-1.0323851913562283,-0.2817180849095055,0.7971437039797902,0.7625374412099963,1.1040146834734468,-0.8427092579016313,-0.5160927283667692,-0.8434751711345252,-2.4551257919508496,0.3193408828038593,-1.573237146723152,3.4372078191851885,-0.4785573068765408
-0.5263025234701106,-0.6763169653392743,-0.3649538478907909,-0.2817180849095055,-0.3062566226052437,-0.6312486439028419,0.9854916023318956,-0.7970215039224473,-0.5160927283667692,-0.1283587276430389,1.1019207548266852,0.3372011014021167,0.4102965047577926,3.0204248861443626,-0.34809018467506087
-0.54386386534045,0.333750563153537,-0.7895506938426597,-0.2817180849095055,-1.0100001379862495,-0.4245013638709673,-1.7189896128071325,1.4388288929923372,-0.632043077030669,-0.9686205487455354,-0.7441413770451993,0.3607194215000381,-0.8790130213049467,3.1945831322991562,-1.683097904906869
0.4616584209940179,-0.6763169653392743,1.0222563953903143,-0.2817180849095055,1.257617856019213,-1.2796193656354544,1.0645069897595965,-0.9769229717739534,1.686963896247325,1.5521649145619538,0.7867394152388026,0.3607194215000381,0.7429841535122769,2.5257286443082556,-5.550992189094455
-0.5486891594176951,-0.6763169653392743,-0.5816145672292445,-0.2817180849095055,-0.7493543915488403,0.1704244827513644,0.3461852858714084,0.5613580587725837,-0.8639437743584684,-0.9745798524412976,-0.2938823204910809,0.3607194215000381,-0.6701502456721119,3.1179499062782403,-0.8326721346005281
0.22319628219506954,-0.6763169653392743,1.0222563953903143,-0.2817180849095055,1.3705643461420909,0.4995323979041436,1.03936573012351,-0.6790977064896887,1.686963896247325,1.5521649145619538,0.7867394152388026,-0.05382865494694005,0.5178470733870254,2.785011242238338,1.0350992861050372
-0.5177851840010983,-0.6763169653392743,-0.2006406849025679,-0.2817180849095055,0.2584758280091432,-0.8337765916891677,-0.5481252354693859,-0.6665122025349239,-0.4001423797028695,-0.0866436017727022,0.3364803586846842,0.3607194215000381,-0.10373581269764873,3.126760535960395,-0.5212478955471875
-0.5081479392913466,-0.6763169653392743,-0.604880147829347,-0.2817180849095055,-0.9318064140550268,-0.9814532202833628,-0.2607965539141106,1.093558652421997,-0.7479934256945686,-1.0282135857031591,-0.24885641483567,0.3607194215000381,0.38566406554475174,3.0155349008501706,-55.43892801944535
0.7135960876295819,-0.6763169653392743,1.0222563953903143,-0.2817180849095055,1.414005303881659,0.737221447736706,0.2599866814048256,-0.9456254355241798,1.686963896247325,1.5521649145619538,0.7867394152388026,,0.8582029964846238,2.2407096892759584,0.8934755650087971
-0.5457225990360397,0.448066110800114,-0.9029703992681588,-0.2817180849095055,-1.1229466281091272,0.6007963717973066,-1.2844049819547787,0.767285398953188,-0.632043077030669,-0.7421670083065647,0.2464285473738608,0.3607194215000381,,3.367295829986474,-0.46362361970704047
-0.5255040191159376,-0.6763169653392743,-0.0697717940269919,-0.2817180849095055,-0.5755905605905671,-0.5749908806288624,-1.686665136132164,0.0761275157317076,-0.632043077030669,-0.7660042230896142,0.0663249247522141,0.3607194215000381,-0.2922024442785977,3.1612467120315646,-1.8023242047677193
-0.25538824166870006,-0.6763169653392743,-0.4260259969660597,-0.2817180849095055,-0.1498691747427978,-0.2866698438497181,0.9926748193707776,-0.0120185044193998,-0.632043077030669,-0.5872251122167427,1.1469466604820977,,0.7094762413380257,2.6741486494265287,-0.8232164407374756
0.4879523650646666,-0.6763169653392743,1.0222563953903143,-0.2817180849095055,0.2497876364612295,0.0677540647763515,0.6047810992711558,-0.8227624214450228,1.686963896247325,1.5521649145619538,0.7867394152388026,,0.5105369270482422,2.740840023925201,1.4536726815337064
-0.3903701168918759,0.3030063069580963,-1.0323851913562283,-0.2817180849095055,0.7971437039797902,1.4446628209069965,0.9064762149041948,-0.8103668873612733,-0.5160927283667692,-0.8434751711345252,-2.4551257919508496,0.33192681478018415,-0.22535509260762687,3.4657359027997265,-0.3450272012651572
1.6585434494563078,-0.6763169653392743,1.0222563953903143,-0.2817180849095055,1.0751658335130272,-0.1375867711736729,0.3390020688325265,-0.9129031252417912,1.686963896247325,1.5521649145619538,0.7867394152388026,,0.2170420859447168,2.4765384001174837,1.7997925619419377
0.03290260151262551,-0.6763169653392743,1.0222563953903143,-0.2817180849095055,1.414005303881659,-1.8801709885851836,0.795136350801526,-0.9654297945775266,1.686963896247325,1.5521649145619538,0.7867394152388026,-0.7167864371080513,0.15851103739664107,3.131136910560194,-1.7634811129789176
-0.5461106278352208,-0.6763169653392743,-1.1138147234565867,-0.2817180849095055,-0.5755905605905671,0.1479213774417727,0.1666048598993614,-0.3291257116117193,-0.8639437743584684,-0.8077193489599509,-0.2938823204910809,0.33301743986484356,-0.9572387078812205,3.1354942159291497,-0.7036364726999099
-0.5427605390018285,-0.6763169653392743,-0.8549851392804476,-0.2817180849095055,-0.349697580344812,-0.4427851369350105,-0.8570035681413068,0.4877922262219016,-0.5160927283667692,-1.0818473189650206,0.7867394152388026,0.3607194215000381,-0.5223423169657632,2.995732273553991,-1.9415263135916059
-0.13958806892200512,-0.6763169653392743,1.0222563953903143,-0.2817180849095055,0.2410994449133159,-0.6031197622658515,-0.9827098663217396,-0.0290208078752706,1.686963896247325,1.5521649145619538,0.7867394152388026,0.12063788685102253,0.07891944153974614,3.0726933146901194,3.9109150997880535
-0.5430533577450473,0.333750563153537,-0.7895506938426597,-0.2817180849095055,-1.0100001379862495,0.2970044501178178,-1.7297644383654551,1.4388288929923372,-0.632043077030669,-0.9686205487455354,-0.7441413770451993,0.3607194215000381,,3.258096538021482,-0.746813589311546
-0.5478682890282279,-0.6763169653392743,-0.9713130422809596,-0.2817180849095055,-0.9839355633425086,-0.4019982585613755,-0.7456637040386376,2.0082160888929987,-0.7479934256945686,-0.3190564459074353,0.1563767360630374,0.2643914642259174,-0.35605339810521647,2.917770732084279,-0.5335376534855484
-0.44218664153975,0.3030063069580963,-1.0323851913562283,-0.2817180849095055,0.7971437039797902,1.2744830870032096,0.8023195678404075,-0.8809881869112179,-0.5160927283667692,-0.8434751711345252,-2.4551257919508496,0.284396094727859,-0.9932564466118566,3.624340932976365,-0.3708425777946156
-0.5318888389569429,0.5747246970790703,-0.8927917077556141,-0.2817180849095055,-1.1055702450132998,-0.288076287931568,-0.1494566898114417,1.2115299423225092,-0.4001423797028695,-0.6289402380870793,-0.8341931883560227,0.3419492225403861,-0.04663356836017974,3.0492730404820207,-0.8834376878103252
-0.4269033496142208,-0.6763169653392743,-0.4260259969660597,-0.2817180849095055,-0.1498691747427978,-0.4934171238815926,-0.2679797709529926,0.438067612483642,-0.632043077030669,-0.5872251122167427,1.1469466604820977,0.3607194215000381,-0.936234752747134,3.0633909220278057,-1.1591886340814372
-0.5011967271667255,-0.6763169653392743,-0.1701046103649334,-0.2817180849095055,-0.0977400254553158,-0.8365894798528664,0.303085983638117,0.0759375458606923,-0.632043077030669,-0.6051030233040298,-0.0237268865586108,0.3567969733148856,-0.18369427203267208,2.8449093838194073,-3.7029624699756134
-0.5424122604769077,-0.6763169653392743,-1.1138147234565867,-0.2817180849095055,-0.5755905605905671,0.9946007147151612,0.6119643163100378,-0.1725905378950973,-0.8639437743584684,-0.8077193489599509,-0.2938823204910809,0.3607194215000381,-4.06220749250752,3.202746442938317,-0.4049529026040168
1.2180870978770866,-0.6763169653392743,1.0222563953903143,-0.2817180849095055,1.257617856019213,-1.8281325575567529,0.7268957889321479,-1.076514676653734,1.686963896247325,1.5521649145619538,0.7867394152388026,0.3607194215000381,1.2851870579607914,2.128231705849268,-1.8742952446421384
-0.5077124569502798,0.3030063069580963,-0.597609653891815,3.5496478698597693,-0.7927953492884081,1.9566084667002088,-0.6271406228970867,0.2761182974430838,-0.7479934256945686,-1.087806622660783,0.0663249247522141,0.30943158300094525,-1.808454615554499,3.5890591188317256,-0.36792380016243903
-0.19362572146444357,-0.6763169653392743,1.237463015941261,-0.2817180849095055,0.4322396589674164,2.2913421581803863,0.967533559734691,-0.8259919092522833,-0.5160927283667692,-0.0151319574235536,-1.6896853958088487,0.10569940573141585,,3.9318256327243257,-0.004597503600755772
-0.5403699026389268,-0.6763169653392743,-1.1385344028441955,-0.2817180849095055,-0.8275481154800628,-0.6073390945114001,-1.5609588379517312,0.6789019164633114,-0.632043077030669,0.1457692423620308,-0.6991154713897885,0.2352329430993294,-0.47101135034745784,3.0106208860477417,0.3712344170872975
-0.541523951831135,-0.6763169653392743,0.1250774434988655,-0.2817180849095055,0.1542175294341793,0.9510009481778277,0.7807699167237621,-0.7682410684636267,-0.979894123022368,-0.7898414378726638,1.1469466604820977,0.3607194215000381,-3.317946014096263,3.214867803470662,-0.40483908457879036
-0.3630548477034969,-0.6763169653392743,1.5733598358552396,-0.2817180849095055,0.597315298377776,-0.7634543875966937,1.046548947162392,-0.683467013523041,-0.632043077030669,0.1874843682323674,1.236998471792921,,0.483266363239007,2.8094026953624978,0.7925928801955949
-0.5384827789971194,0.6436716264873752,-1.292668874319874,-0.2817180849095055,-0.7232898169050994,1.5754621205189985,0.0947726895105426,-0.3257537464011973,-0.2841920310389698,-1.0937659263565451,-0.0237268865586108,0.3607194215000381,-1.904037485979734,3.5380565643793527,-0.42468725035495114
-0.5319691720045514,-0.6763169653392743,2.424007626546483,-0.2817180849095055,0.4669924251590711,-0.4455980250987104,1.0609153812401553,-0.910433516918592,-0.632043077030669,1.820333580871261,0.7417135095833917,0.3037493929418268,0.5449907431003695,2.681021528714291,3.2834182836296146
-0.45670857499625933,-0.6763169653392743,-0.1701046103649334,-0.2817180849095055,-0.0977400254553158,-0.2627602944582763,-0.3757280265362208,0.1029607600126213,-0.632043077030669,-0.6051030233040298,-0.0237268865586108,0.35524007718897843,-0.0007393475288295976,3.091042453358316,-0.8207683589958032
-0.527364681407667,0.5747246970790703,-0.8927917077556141,-0.2817180849095055,-1.1055702450132998,0.1310440484595782,-2.2074483714511004,1.5436922617927924,-0.4001423797028695,-0.6289402380870793,-0.8341931883560227,0.16107711033524363,,3.2068032436339315,-0.5560705075488991
-0.551640828954325,1.302606694936739,-1.0280228949937091,-0.2817180849095055,-1.261957692875746,-0.579210212874411,-0.777988180713606,1.678665855149176,-0.7479934256945686,0.3781820864967638,1.19197256613751,0.3607194215000381,0.24719498383665411,2.990719731730447,0.8987435010724049
0.0941329437251198,-0.6763169653392743,1.0222563953903143,3.5496478698597693,1.8657912643731691,-0.6987579598316171,0.7089377463349432,-0.8930512737206905,1.686963896247325,1.5521649145619538,0.7867394152388026,-0.08199857593238781,0.2300762426261279,2.8791984572980396,5.152550798335958
-0.5355717588702225,0.333750563153537,-0.7895506938426597,-0.2817180849095055,-1.0100001379862495,-0.4737269067356994,-0.8462287425829839,1.4388288929923372,-0.632043077030669,-0.9686205487455354,-0.7441413770451993,0.3497305441735876,0.09263244358276937,3.0301337002713233,-1.8405283514258681
-0.5168532941366988,-0.6763169653392743,-0.2006406849025679,-0.2817180849095055,0.2584758280091432,-0.3837144854973324,0.3749181540269359,-0.6111834776017124,-0.4001423797028695,-0.0866436017727022,0.3364803586846842,0.3607194215000381,0.19605080589861143,2.8791984572980396,-0.14059003454368416
-0.5364760299023151,-0.6763169653392743,-1.0207524010561773,-0.2817180849095055,-0.3931385380843803,-0.6199970912480459,-0.0201587831115675,-0.5144413207871619,-0.5160927283667692,-0.6527774528701289,-0.8341931883560227,0.33033068158961215,-0.5455091443937327,3.1612467120315646,-1.71782225302972
0.6416837765668219,-0.6763169653392743,1.0222563953903143,-0.2817180849095055,1.6051455179357594,0.2238693578616439,0.9172510404625176,-0.8535375405495044,1.686963896247325,1.5521649145619538,0.7867394152388026,,0.9271701100686173,2.5494451709255714,1.2682439547909843
-0.5366395652468414,0.8799249840403461,-1.1094524270940676,-0.2817180849095055,-1.0273765210820769,1.2449477612843691,-1.090458121904968,0.3711982178862503,-0.5160927283667692,-0.0449284759023655,-1.4645558675317891,0.3607194215000381,-6.0881082265617055,3.580737295494233,-0.020013149827887856
-0.5050994218117423,-0.6763169653392743,0.2079610743867303,-0.2817180849095055,0.0499592308592163,0.9566267245052262,0.242028638807621,-0.5371902128412462,-0.7479934256945686,-0.5097541641718316,2.047464773590334,-0.21837707579542967,0.9805392357272782,3.4965075614664802,-0.26052703757316487
0.26025470577652227,-0.6763169653392743,1.0222563953903143,-0.2817180849095055,1.3705643461420909,0.2998173382815164,0.741262223009912,-0.4670913304365938,1.686963896247325,1.5521649145619538,0.7867394152388026,0.3352787907264526,-0.4037125709973384,3.054001181677967,1.1941407987479726
-0.5376915029496631,0.8799249840403461,-1.1094524270940676,-0.2817180849095055,-1.0273765210820769,0.6781507962990279,-1.0114427344772672,0.0016593262937031,-0.5160927283667692,-0.0449284759023655,-1.4645558675317891,0.33569699880858955,-1.728839727206478,3.4965075614664802,-0.026772609470763997
-0.12950618582538007,-0.6763169653392743,1.237463015941261,-0.2817180849095055,0.4322396589674164,0.1437020451962241,0.9316174745402817,-0.7231232240974885,-0.5160927283667692,-0.0151319574235536,-1.6896853958088487,-0.42738524515483217,-0.2135140483916354,3.1484533605716547,-0.01323068144112431
-0.521723991643761,0.448066110800114,-0.8637097320054861,-0.2817180849095055,-0.8883654563154584,-0.2177540838390941,-1.438844148290739,1.9138010629983857,-0.1682416823750701,-0.7242890972192775,0.5616098869617434,0.3086586374985832,-1.5997866175334685,3.190476350346503,-0.9259097200199293
-0.5011331777334451,-0.6763169653392743,-0.604880147829347,-0.2817180849095055,-0.9318064140550268,-1.2669613688988086,0.9352090830597224,0.99016755012191,-0.7479934256945686,-1.0282135857031591,-0.24885641483567,0.3607194215000381,1.2398412498890587,2.7343675094195836,3.8515444760582653
-0.5480057700707806,1.0414905325291752,-1.06001306831885,-0.2817180849095055,-0.6190315183301355,0.8075436518291799,-1.4783518420045894,1.2729377031282103,-0.5160927283667692,-0.2117889793837123,-0.3839341318019043,0.2851000554402833,,3.4719664525503626,-0.11716949638775706
-0.4855568597053115,-0.6763169653392743,-0.7081211617423012,-0.2817180849095055,-0.4192031127281213,-0.3007342846682126,-0.2787545965113153,-0.0632628771257818,-0.1682416823750701,-0.5872251122167427,-0.4739859431127292,0.18118766088489408,-0.29038482702863033,3.2188758248682006,-0.839773921903373
-0.5369560927241293,0.36357773505602514,-0.7575605205175189,-0.2817180849095055,-1.079505670369559,0.9242785106226872,-2.24336445664551,2.43237131840245,-0.2841920310389698,-0.4501611272142078,0.2914544530292733,0.2684245332748913,,3.4210000089583352,-0.23393761595796123
-0.3854680630968544,-0.6763169653392743,-0.4260259969660597,-0.2817180849095055,-0.1498691747427978,-0.4709140185720008,0.7161209633738252,0.1078999766590195,-0.632043077030669,-0.5872251122167427,1.1469466604820977,0.3244281094113619,0.1386080420361631,3.0252910757955354,-1.109885978516812
-0.49795880078389326,-0.6763169653392743,-0.1701046103649334,-0.2817180849095055,-0.0977400254553158,-0.0475743499353059,0.4862580181296048,-0.2480560691559323,-0.632043077030669,-0.6051030233040298,-0.0237268865586108,0.3316749630607098,-1.0694341435659167,3.1179499062782403,-0.635328356877965
0.3499326680459222,-0.6763169653392743,1.0222563953903143,-0.2817180849095055,1.3705643461420909,-0.3077665050774599,0.5437237544406602,-0.5070324958175646,1.686963896247325,1.5521649145619538,0.7867394152388026,0.3607194215000381,0.2365301611782767,3.044522437723423,2.2422562992789574
-0.31133344827282566,-0.6763169653392743,1.237463015941261,3.5496478698597693,0.4322396589674164,-0.0700774552448976,0.8382356530348168,-0.9435357669430112,-0.5160927283667692,-0.0151319574235536,-1.6896853958088487,-0.2795906355279695,-4.06220749250752,3.332204510175204,-0.01627227720082713
-0.5321911784569854,0.7881662664126194,-0.6775850872046669,3.5496478698597693,-0.9404946056029404,1.360276175996028,-0.7277056614414329,0.4759191092834444,-0.632043077030669,-0.903068208092149,-0.3839341318019043,0.29629654797019056,-2.3868648102103855,3.5322256440685598,-0.3826112457840055
0.5944800613953825,-0.6763169653392743,1.0222563953903143,-0.2817180849095055,1.6051455179357594,0.2604369039897315,1.1040146834734468,-0.8580493249861182,1.686963896247325,1.5521649145619538,0.7867394152388026,0.27413258060972334,0.6046108493479698,2.797281334830153,1.231449912049385
-0.539743306461084,0.8799249840403461,-1.1094524270940676,-0.2817180849095055,-1.0273765210820769,0.6176737007794998,-1.381378411979684,1.279776618484762,-0.5160927283667692,-0.0449284759023655,-1.4645558675317891,0.30028986152354886,,3.449987545831587,-0.027773509503626136
0.9791608520999404,-0.6763169653392743,1.0222563953903143,-0.2817180849095055,1.257617856019213,-1.4385475468844453,1.0357741216040686,-1.1203502243905186,1.686963896247325,1.5521649145619538,0.7867394152388026,0.3607194215000381,1.2398412498890587,2.1041341542702074,-3.5393309701284
-0.5368626110976632,-0.6763169653392743,0.4144431022126391,-0.2817180849095055,-1.0273765210820769,-0.2430700773123845,-1.8267378683903608,0.8157277160620943,-0.632043077030669,-0.6944925787404655,-1.1043486222884944,0.3607194215000381,-0.831106703954743,3.214867803470662,-0.9175123851287911
1.419042773106218,-0.6763169653392743,1.0222563953903143,-0.2817180849095055,0.3627341265841071,-1.6101337248700822,1.1040146834734468,-1.042795024548515,1.686963896247325,1.5521649145619538,0.7867394152388026,,0.691951692000896,2.8507065015037334,-2.5439749538389496
-0.5490933955352506,1.0414905325291752,-1.06001306831885,-0.2817180849095055,-0.6190315183301355,0.5571966052599718,-0.4619266310028033,0.924675437089379,-0.5160927283667692,-0.2117889793837123,-0.3839341318019043,0.3607194215000381,-1.4048447145160567,3.214867803470662,-0.13600657660588364
-0.4303771195942698,0.3030063069580963,-1.0323851913562283,-0.2817180849095055,0.7971437039797902,3.381336321613737,0.6335139674266836,-0.9423009627814116,-0.5160927283667692,-0.8434751711345252,-2.4551257919508496,0.30020321970765806,,3.9318256327243257,-0.19251550422494287
-0.4532810196355386,-0.6763169653392743,-0.1701046103649334,-0.2817180849095055,-0.0977400254553158,0.4714035162671534,0.4754831925712821,-0.2220776892945876,-0.632043077030669,-0.6051030233040298,-0.0237268865586108,0.3607194215000381,,3.169685580677429,-0.41124206692065907
-0.09008381621190076,-0.6763169653392743,1.237463015941261,-0.2817180849095055,2.743298610712448,-0.98848544069261,0.9208426489819588,-1.0730477265077043,-0.5160927283667692,-0.0151319574235536,-1.6896853958088487,-0.09722449523110702,0.7810194813935237,2.797281334830153,-1.314158624711064
-0.48361921544915626,-0.6763169653392743,1.5733598358552396,-0.2817180849095055,0.597315298377776,0.2224629137797952,1.0645069897595965,-0.7915123776630031,-0.632043077030669,0.1874843682323674,1.236998471792921,0.3454334682808184,-0.018568285598150585,3.005682604407159,0.1533660989785571
-0.27424314461880206,-0.6763169653392743,1.237463015941261,-0.2817180849095055,2.743298610712448,-1.2599291484895612,1.1040146834734468,-1.0417501902579307,-0.5160927283667692,-0.0151319574235536,-1.6896853958088487,-0.23896219041066882,0.07135959787857035,3.0252910757955354,0.05821570036098242
0.09852264198717647,-0.6763169653392743,1.0222563953903143,-0.2817180849095055,1.8657912643731691,-0.2641667385401263,0.4323838903379907,-0.606006798616545,1.686963896247325,1.5521649145619538,0.7867394152388026,0.3091740008772058,-0.008928607979065185,3.1612467120315646,2.109397598421278
-0.5398519735735767,-0.6763169653392743,-1.1894278604069195,-0.2817180849095055,-0.9578709886987676,1.5698363441916012,-0.2428385113169059,-0.1376835740960325,-0.8639437743584684,-0.7719635267853766,-0.2038305091802575,0.3607194215000381,-2.1988235217970584,3.5322256440685598,-0.30039404202924636
0.4706588829917821,-0.6763169653392743,1.0222563953903143,3.5496478698597693,0.9795957264859768,-0.5974939859384542,0.7304873974515886,-1.2611653912806229,1.686963896247325,1.5521649145619538,0.7867394152388026,-0.1497652935622731,-0.7416739137784737,3.9318256327243257,3.8562527275048804
-0.5392320902911123,-0.6763169653392743,-0.9567720544058956,-0.2817180849095055,-0.9231182225071132,-0.2515087418034805,-0.4475601969250397,-0.017812585485367,-0.7479934256945686,-0.9447833339624858,0.0212990190968016,0.34634400625333495,-0.8757468696008329,3.1441522786722644,-1.262250325059146
0.42988901165327864,-0.6763169653392743,1.0222563953903143,-0.2817180849095055,1.3705643461420909,0.0016511929294262,0.5185824948045735,-0.4758774369710523,1.686963896247325,1.5521649145619538,0.7867394152388026,,0.3884311585142508,2.766319109226186,1.549606215735137
-0.5447992245405242,-0.6763169653392743,-1.1385344028441955,-0.2817180849095055,-0.8275481154800628,-0.2191605279209428,-1.3310958927075107,0.9918772789610476,-0.632043077030669,0.1457692423620308,-0.6991154713897885,0.09798655545169302,-0.6835133192037681,3.0349529867072724,0.18668272746753786
-0.49384569369973075,-0.6763169653392743,-0.0697717940269919,-0.2817180849095055,-0.5755905605905671,-1.2486775958347651,-2.1356162010622817,-0.093848026359248,-0.632043077030669,-0.7660042230896142,0.0663249247522141,-0.1355984020456672,1.1890376164682948,3.2068032436339315,3.0803105543878146
0.042236019189044155,-0.6763169653392743,1.0222563953903143,-0.2817180849095055,0.8666492363630994,-0.4891977916360439,0.5544985799989829,-0.433894095476667,1.686963896247325,1.5521649145619538,0.7867394152388026,,0.46977168976628053,2.995732273553991,3.0386809006432633
-0.5392022774134477,-0.6763169653392743,2.1201009799576456,-0.2817180849095055,0.2237230618174885,-0.4160626993798713,0.5329489288823369,-0.7540408206052316,-0.8639437743584684,-1.2963822520124666,0.2914544530292733,0.1901264667437754,0.18932937921376716,3.0587070727153796,-2.2200709744620473
-0.422239829199904,-0.6763169653392743,0.2515840380119225,-0.2817180849095055,0.0499592308592163,0.6472090264983389,-0.0812161279420636,-0.379040295220994,-0.7479934256945686,-0.360771571777772,2.047464773590334,-0.6042949727556852,1.6831512314346657,3.2188758248682006,-0.21901990941896765
-0.3150144430177054,-0.6763169653392743,-0.4260259969660597,-0.2817180849095055,-0.1498691747427978,-1.0264594309025463,1.0357741216040686,0.0060761257948091,-0.632043077030669,-0.5872251122167427,1.1469466604820977,0.17942937934826284,0.7539085115780076,2.681021528714291,22.19341430205255
-0.5277393348615446,0.8799249840403461,-1.1094524270940676,-0.2817180849095055,-1.0273765210820769,0.3602944338010445,-1.44243575681018,0.3711982178862503,-0.5160927283667692,-0.0449284759023655,-1.4645558675317891,0.23892459468029228,,3.427514689979529,-0.03302849352755397
-0.5208225031971728,-0.6763169653392743,-0.037781620701851,-0.2817180849095055,-1.2358931182320048,-0.4765397948993981,-1.8590623450653287,0.7134289405203456,-0.632043077030669,-0.5991437196082674,0.3364803586846842,0.18304027687826355,-0.490784783867001,3.122364924487357,-1.1445831292812798
-0.5182250759730759,-0.6763169653392743,-0.3649538478907909,-0.2817180849095055,-0.3062566226052437,-0.6523453051305836,0.8130943933987307,-0.7475818449907109,-0.5160927283667692,-0.1283587276430389,1.1019207548266852,0.3506371796591167,0.5904121263163444,3.0204248861443626,-0.3692132726447204
-0.4918919376294493,0.3030063069580963,-0.597609653891815,-0.2817180849095055,-0.7927953492884081,-0.6242164234935945,-0.9755266492828576,0.3058010897892272,-0.7479934256945686,-1.087806622660783,0.0663249247522141,0.29106379734429216,0.035304390839106255,3.095577608523707,-2.8947689326232187
-0.551336863318247,1.3584690664830146,-1.3173885537074828,-0.2817180849095055,-1.0447529041779042,0.4714035162671534,-1.4208861056935342,2.165131202351651,-0.632043077030669,-0.748126312002327,-0.6540895657343759,0.310889963110625,-2.4797087532843656,3.2386784521643803,-0.5084440153441189
0.67312684267246,-0.6763169653392743,1.0222563953903143,-0.2817180849095055,1.6051455179357594,0.4629648517760561,0.9100678234236356,-0.7885678446622658,1.686963896247325,1.5521649145619538,0.7867394152388026,,0.8882647384978551,2.667228206581955,1.0609721160953443
-0.506293811465474,-0.6763169653392743,-0.3649538478907909,-0.2817180849095055,-0.3062566226052437,0.1479213774417727,0.5796398396350696,-0.5083622849146717,-0.5160927283667692,-0.1283587276430389,1.1019207548266852,,-0.3368468210732104,2.975529566236472,-0.11181839642109966
